x_m,y_m,z_m,status
-0.012293,-0.026363,0.019724,REACHABLE
0.007447,0.015969,0.005741,REACHABLE
-0.227247,-0.487332,0.013276,REACHABLE
-0.211755,-0.454110,0.045423,REACHABLE
-0.191346,-0.410342,0.052139,REACHABLE
-0.196019,-0.420364,0.012603,REACHABLE
-0.211994,-0.454623,0.043397,REACHABLE
-0.218191,-0.467911,0.089897,REACHABLE
-0.212569,-0.455855,0.136803,REACHABLE
-0.196978,-0.422421,0.168683,REACHABLE
-0.176549,-0.378611,0.175047,REACHABLE
-0.158003,-0.338838,0.153802,REACHABLE
-0.171171,-0.367077,0.127072,REACHABLE
-0.177224,-0.380058,0.173677,REACHABLE
-0.171458,-0.367693,0.220486,REACHABLE
-0.155770,-0.334050,0.252097,REACHABLE
-0.135322,-0.290199,0.258109,REACHABLE
-0.116841,-0.250567,0.236545,REACHABLE
-0.106409,-0.228195,0.194499,REACHABLE
-0.123634,-0.265134,0.189585,REACHABLE
-0.117724,-0.252461,0.236293,REACHABLE
-0.101940,-0.218610,0.267633,REACHABLE
-0.081474,-0.174721,0.273293,REACHABLE
-0.063060,-0.135232,0.251412,REACHABLE
-0.052757,-0.113138,0.209187,REACHABLE
-0.053955,-0.115708,0.160513,REACHABLE
-0.027132,-0.058186,0.033563,REACHABLE
-0.009958,-0.021355,0.006622,REACHABLE
-0.243521,-0.522233,0.005531,REACHABLE
-0.232640,-0.498899,0.046935,REACHABLE
-0.213934,-0.458783,0.067379,REACHABLE
-0.213556,-0.457971,0.026337,REACHABLE
-0.232621,-0.498857,0.044831,REACHABLE
-0.244255,-0.523806,0.085073,REACHABLE
-0.244630,-0.524610,0.133821,REACHABLE
-0.233622,-0.501003,0.175037,REACHABLE
-0.214853,-0.460753,0.195159,REACHABLE
-0.194499,-0.417104,0.187567,REACHABLE
-0.203821,-0.437095,0.152944,REACHABLE
-0.215331,-0.461778,0.193385,REACHABLE
-0.215555,-0.462260,0.242138,REACHABLE
-0.204421,-0.438382,0.283164,REACHABLE
-0.185591,-0.398001,0.302962,REACHABLE
-0.165261,-0.354403,0.295020,REACHABLE
-0.150120,-0.321932,0.261950,REACHABLE
-0.166000,-0.355988,0.245417,REACHABLE
-0.166075,-0.356148,0.294173,REACHABLE
-0.154814,-0.332001,0.335005,REACHABLE
-0.135924,-0.291490,0.354480,REACHABLE
-0.115619,-0.247945,0.346188,REACHABLE
-0.100580,-0.215694,0.312858,REACHABLE
-0.095755,-0.205347,0.265457,REACHABLE
-0.112841,-0.241988,0.272586,REACHABLE
-0.101455,-0.217572,0.313224,REACHABLE
-0.082506,-0.176934,0.332372,REACHABLE
-0.062226,-0.133445,0.323731,REACHABLE
-0.047290,-0.101414,0.290144,REACHABLE
-0.042611,-0.091380,0.242661,REACHABLE
-0.049729,-0.106644,0.196905,REACHABLE
-0.039635,-0.084998,0.056998,REACHABLE
-0.026506,-0.056841,0.019421,REACHABLE
-0.238824,-0.512160,0.009797,REACHABLE
-0.233491,-0.500723,0.056892,REACHABLE
-0.218098,-0.467713,0.089305,REACHABLE
-0.212701,-0.456139,0.050290,REACHABLE
-0.233214,-0.500130,0.054892,REACHABLE
-0.249284,-0.534592,0.085410,REACHABLE
-0.255623,-0.548186,0.131802,REACHABLE
-0.250146,-0.536439,0.178804,REACHABLE
-0.234654,-0.503216,0.210952,REACHABLE
-0.214245,-0.459449,0.217667,REACHABLE
-0.218917,-0.469470,0.178132,REACHABLE
-0.234893,-0.503730,0.208925,REACHABLE
-0.241089,-0.517018,0.255425,REACHABLE
-0.235467,-0.504961,0.302332,REACHABLE
-0.219877,-0.471528,0.334212,REACHABLE
-0.199448,-0.427717,0.340576,REACHABLE
-0.180902,-0.387945,0.319330,REACHABLE
-0.194070,-0.416184,0.292601,REACHABLE
-0.200123,-0.429164,0.339206,REACHABLE
-0.194357,-0.416799,0.386015,REACHABLE
-0.178669,-0.383156,0.417626,REACHABLE
-0.158221,-0.339305,0.423638,REACHABLE
-0.139740,-0.299674,0.402073,REACHABLE
-0.129308,-0.277302,0.360027,REACHABLE
-0.146533,-0.314240,0.355113,REACHABLE
-0.140623,-0.301567,0.401822,REACHABLE
-0.124838,-0.267717,0.433162,REACHABLE
-0.104372,-0.223827,0.438822,REACHABLE
-0.085959,-0.184339,0.416940,REACHABLE
-0.075656,-0.162245,0.374716,REACHABLE
-0.076854,-0.164814,0.326042,REACHABLE
-0.092330,-0.198002,0.344599,REACHABLE
-0.076449,-0.163946,0.375667,REACHABLE
-0.055966,-0.120020,0.380975,REACHABLE
-0.037620,-0.080677,0.358777,REACHABLE
-0.027448,-0.058862,0.316376,REACHABLE
-0.028795,-0.061752,0.267724,REACHABLE
-0.041220,-0.088396,0.228828,REACHABLE
-0.048725,-0.104490,0.088011,REACHABLE
-0.040770,-0.087432,0.043034,REACHABLE
-0.110381,-0.236714,0.005889,REACHABLE
-0.093443,-0.200389,0.014775,REACHABLE
-0.163991,-0.351679,0.027546,REACHABLE
-0.147821,-0.317003,0.012667,REACHABLE
-0.213560,-0.457980,0.025706,REACHABLE
-0.214234,-0.459426,0.074436,REACHABLE
-0.203480,-0.436365,0.116027,REACHABLE
-0.193529,-0.415024,0.082399,REACHABLE
-0.213724,-0.458332,0.072713,REACHABLE
-0.232845,-0.499339,0.090879,REACHABLE
-0.244603,-0.524552,0.130919,REACHABLE
-0.245127,-0.525677,0.179660,REACHABLE
-0.234246,-0.502342,0.221064,REACHABLE
-0.215540,-0.462226,0.241509,REACHABLE
-0.215161,-0.461415,0.200466,REACHABLE
-0.234227,-0.502301,0.218961,REACHABLE
-0.245861,-0.527250,0.259202,REACHABLE
-0.246235,-0.528053,0.307951,REACHABLE
-0.235227,-0.504446,0.349167,REACHABLE
-0.216459,-0.464197,0.369289,REACHABLE
-0.196104,-0.420547,0.361697,REACHABLE
-0.205426,-0.440538,0.327073,REACHABLE
-0.216936,-0.465221,0.367514,REACHABLE
-0.217161,-0.465703,0.416268,REACHABLE
-0.206027,-0.441826,0.457293,REACHABLE
-0.187197,-0.401444,0.477092,REACHABLE
-0.166866,-0.357846,0.469150,REACHABLE
-0.151725,-0.325376,0.436080,REACHABLE
-0.167605,-0.359431,0.419546,REACHABLE
-0.167680,-0.359592,0.468302,REACHABLE
-0.156420,-0.335444,0.509135,REACHABLE
-0.137530,-0.294934,0.528609,REACHABLE
-0.117225,-0.251389,0.520317,REACHABLE
-0.102185,-0.219137,0.486988,REACHABLE
-0.097361,-0.208790,0.439586,REACHABLE
-0.114446,-0.245431,0.446715,REACHABLE
-0.103061,-0.221015,0.487353,REACHABLE
-0.084111,-0.180377,0.506501,REACHABLE
-0.063832,-0.136888,0.497860,REACHABLE
-0.048896,-0.104857,0.464273,REACHABLE
-0.044217,-0.094823,0.416790,REACHABLE
-0.051335,-0.110087,0.371035,REACHABLE
-0.063867,-0.136964,0.399423,REACHABLE
-0.044859,-0.096201,0.418245,REACHABLE
-0.024607,-0.052770,0.409255,REACHABLE
-0.009774,-0.020961,0.375412,REACHABLE
-0.005241,-0.011240,0.327850,REACHABLE
-0.012500,-0.026806,0.282218,REACHABLE
-0.029161,-0.062536,0.253531,REACHABLE
-0.053618,-0.114984,0.123933,REACHABLE
-0.051524,-0.110493,0.075429,REACHABLE
-0.061038,-0.130897,0.032181,REACHABLE
-0.079031,-0.169483,0.008420,REACHABLE
-0.099582,-0.213554,0.011962,REACHABLE
-0.115929,-0.248611,0.041643,REACHABLE
-0.122694,-0.263119,0.087697,REACHABLE
-0.105396,-0.226021,0.084565,REACHABLE
-0.115043,-0.246710,0.041483,REACHABLE
-0.133108,-0.285451,0.018031,REACHABLE
-0.153648,-0.329498,0.021927,REACHABLE
-0.169903,-0.364359,0.051889,REACHABLE
-0.176527,-0.378563,0.098058,REACHABLE
-0.171338,-0.367436,0.145244,REACHABLE
-0.157690,-0.338168,0.119899,REACHABLE
-0.175827,-0.377062,0.096759,REACHABLE
-0.196354,-0.421083,0.101009,REACHABLE
-0.212517,-0.455745,0.131249,REACHABLE
-0.218999,-0.469644,0.177531,REACHABLE
-0.213666,-0.458207,0.224626,REACHABLE
-0.198273,-0.425197,0.257039,REACHABLE
-0.192876,-0.413623,0.218024,REACHABLE
-0.213389,-0.457614,0.222626,REACHABLE
-0.229459,-0.492076,0.253144,REACHABLE
-0.235798,-0.505670,0.299536,REACHABLE
-0.230320,-0.493923,0.346539,REACHABLE
-0.214828,-0.460700,0.378686,REACHABLE
-0.194419,-0.416933,0.385401,REACHABLE
-0.199092,-0.426954,0.345866,REACHABLE
-0.215068,-0.461214,0.376660,REACHABLE
-0.221264,-0.474502,0.423160,REACHABLE
-0.215642,-0.462445,0.470066,REACHABLE
-0.200051,-0.429012,0.501946,REACHABLE
-0.179622,-0.385201,0.508310,REACHABLE
-0.161076,-0.345429,0.487064,REACHABLE
-0.174244,-0.373668,0.460335,REACHABLE
-0.180297,-0.386649,0.506940,REACHABLE
-0.174531,-0.374283,0.553749,REACHABLE
-0.158843,-0.340640,0.585360,REACHABLE
-0.138395,-0.296789,0.591372,REACHABLE
-0.119915,-0.257158,0.569808,REACHABLE
-0.109482,-0.234786,0.527762,REACHABLE
-0.126707,-0.271725,0.522848,REACHABLE
-0.120798,-0.259051,0.569556,REACHABLE
-0.105013,-0.225201,0.600896,REACHABLE
-0.084547,-0.181311,0.606556,REACHABLE
-0.066133,-0.141823,0.584674,REACHABLE
-0.055830,-0.119729,0.542450,REACHABLE
-0.057029,-0.122298,0.493776,REACHABLE
-0.072504,-0.155486,0.512333,REACHABLE
-0.056624,-0.121430,0.543401,REACHABLE
-0.036141,-0.077504,0.548709,REACHABLE
-0.017795,-0.038161,0.526511,REACHABLE
-0.007622,-0.016346,0.484110,REACHABLE
-0.008970,-0.019236,0.435458,REACHABLE
-0.021394,-0.045880,0.396562,REACHABLE
-0.029905,-0.064131,0.432336,REACHABLE
-0.009406,-0.020171,0.437292,REACHABLE
0.008871,0.019025,0.414778,REACHABLE
0.018913,0.040560,0.372204,REACHABLE
0.017416,0.037349,0.323576,REACHABLE
0.004872,0.010449,0.284895,REACHABLE
-0.014591,-0.031290,0.268887,REACHABLE
-0.053894,-0.115575,0.161669,REACHABLE
-0.057840,-0.124039,0.113815,REACHABLE
-0.072251,-0.154942,0.078965,REACHABLE
-0.092384,-0.198117,0.068585,REACHABLE
-0.111615,-0.239359,0.086091,REACHABLE
-0.123617,-0.265098,0.125722,REACHABLE
-0.124441,-0.266865,0.174440,REACHABLE
-0.108271,-0.232189,0.159561,REACHABLE
-0.122788,-0.263321,0.124960,REACHABLE
-0.142953,-0.306563,0.114927,REACHABLE
-0.162130,-0.347689,0.132763,REACHABLE
-0.174010,-0.373166,0.172600,REACHABLE
-0.174684,-0.374612,0.221331,REACHABLE
-0.163931,-0.351551,0.262921,REACHABLE
-0.153979,-0.330210,0.229293,REACHABLE
-0.174174,-0.373518,0.219607,REACHABLE
-0.193296,-0.414525,0.237773,REACHABLE
-0.205053,-0.439738,0.277813,REACHABLE
-0.205578,-0.440863,0.326554,REACHABLE
-0.194697,-0.417528,0.367958,REACHABLE
-0.175990,-0.377412,0.388403,REACHABLE
-0.175612,-0.376601,0.347360,REACHABLE
-0.194677,-0.417487,0.365855,REACHABLE
-0.206311,-0.442436,0.406096,REACHABLE
-0.206686,-0.443239,0.454845,REACHABLE
-0.195678,-0.419632,0.496061,REACHABLE
-0.176909,-0.379383,0.516183,REACHABLE
-0.156555,-0.335733,0.508591,REACHABLE
-0.165877,-0.355724,0.473967,REACHABLE
-0.177387,-0.380407,0.514408,REACHABLE
-0.177612,-0.380889,0.563162,REACHABLE
-0.166477,-0.357012,0.604187,REACHABLE
-0.147647,-0.316630,0.623986,REACHABLE
-0.127317,-0.273032,0.616044,REACHABLE
-0.112176,-0.240562,0.582974,REACHABLE
-0.128056,-0.274617,0.566440,REACHABLE
-0.128131,-0.274778,0.615196,REACHABLE
-0.116871,-0.250630,0.656029,REACHABLE
-0.097980,-0.210120,0.675503,REACHABLE
-0.077675,-0.166575,0.667211,REACHABLE
-0.062636,-0.134323,0.633882,REACHABLE
-0.057811,-0.123976,0.586481,REACHABLE
-0.074897,-0.160617,0.593609,REACHABLE
-0.063512,-0.136201,0.634247,REACHABLE
-0.044562,-0.095563,0.653396,REACHABLE
-0.024283,-0.052074,0.644755,REACHABLE
-0.009346,-0.020043,0.611167,REACHABLE
-0.004667,-0.010009,0.563684,REACHABLE
-0.011785,-0.025273,0.517929,REACHABLE
-0.024318,-0.052150,0.546317,REACHABLE
-0.005310,-0.011387,0.565139,REACHABLE
0.014942,0.032044,0.556150,REACHABLE
0.029775,0.063853,0.522306,REACHABLE
0.034308,0.073574,0.474744,REACHABLE
0.027050,0.058008,0.429112,REACHABLE
0.010388,0.022278,0.400425,REACHABLE
0.006633,0.014225,0.440504,REACHABLE
0.026857,0.057596,0.431166,REACHABLE
0.041586,0.089181,0.397068,REACHABLE
0.045972,0.098588,0.349430,REACHABLE
0.038574,0.082722,0.303924,REACHABLE
0.021825,0.046804,0.275525,REACHABLE
0.001236,0.002651,0.273575,REACHABLE
-0.049528,-0.106213,0.197969,REACHABLE
-0.059175,-0.126902,0.154886,REACHABLE
-0.077241,-0.165643,0.131435,REACHABLE
-0.097780,-0.209690,0.135331,REACHABLE
-0.114036,-0.244551,0.165293,REACHABLE
-0.120659,-0.258755,0.211462,REACHABLE
-0.115471,-0.247629,0.258647,REACHABLE
-0.101823,-0.218360,0.233303,REACHABLE
-0.119960,-0.257255,0.210163,REACHABLE
-0.140487,-0.301275,0.214412,REACHABLE
-0.156650,-0.335937,0.244653,REACHABLE
-0.163131,-0.349836,0.290934,REACHABLE
-0.157798,-0.338399,0.338030,REACHABLE
-0.142405,-0.305389,0.370443,REACHABLE
-0.137008,-0.293815,0.331427,REACHABLE
-0.157522,-0.337806,0.336030,REACHABLE
-0.173591,-0.372268,0.366548,REACHABLE
-0.179930,-0.385862,0.412940,REACHABLE
-0.174453,-0.374115,0.459942,REACHABLE
-0.158961,-0.340892,0.492090,REACHABLE
-0.138552,-0.297125,0.498805,REACHABLE
-0.143225,-0.307146,0.459270,REACHABLE
-0.159200,-0.341406,0.490063,REACHABLE
-0.165396,-0.354694,0.536563,REACHABLE
-0.159774,-0.342637,0.583470,REACHABLE
-0.144184,-0.309204,0.615350,REACHABLE
-0.123755,-0.265393,0.621714,REACHABLE
-0.105209,-0.225621,0.600468,REACHABLE
-0.118377,-0.253860,0.573738,REACHABLE
-0.124430,-0.266841,0.620344,REACHABLE
-0.118664,-0.254475,0.667153,REACHABLE
-0.102976,-0.220833,0.698763,REACHABLE
-0.082528,-0.176981,0.704776,REACHABLE
-0.064047,-0.137350,0.683211,REACHABLE
-0.053615,-0.114978,0.641165,REACHABLE
-0.070840,-0.151917,0.636251,REACHABLE
-0.064930,-0.139243,0.682959,REACHABLE
-0.049146,-0.105393,0.714300,REACHABLE
-0.028679,-0.061503,0.719960,REACHABLE
-0.010266,-0.022015,0.698078,REACHABLE
0.000037,0.000079,0.655853,REACHABLE
-0.001161,-0.002490,0.607179,REACHABLE
-0.016637,-0.035678,0.625737,REACHABLE
-0.000756,-0.001622,0.656805,REACHABLE
0.019727,0.042304,0.662113,REACHABLE
0.038073,0.081647,0.639914,REACHABLE
0.048245,0.103462,0.597514,REACHABLE
0.046898,0.100572,0.548862,REACHABLE
0.034473,0.073928,0.509966,REACHABLE
0.025963,0.055677,0.545740,REACHABLE
0.046461,0.099637,0.550695,REACHABLE
0.064739,0.138832,0.528182,REACHABLE
0.074781,0.160368,0.485608,REACHABLE
0.073284,0.157157,0.436980,REACHABLE
0.060740,0.130257,0.398299,REACHABLE
0.041277,0.088518,0.382291,REACHABLE
0.042600,0.091356,0.423224,REACHABLE
0.060808,0.130402,0.400397,REACHABLE
0.070719,0.151657,0.357650,REACHABLE
0.069072,0.148125,0.309050,REACHABLE
0.056410,0.120971,0.270586,REACHABLE
0.036898,0.079128,0.254913,REACHABLE
0.016956,0.036363,0.267190,REACHABLE
-0.040897,-0.087705,0.229708,REACHABLE
-0.055414,-0.118837,0.195107,REACHABLE
-0.075579,-0.162079,0.185074,REACHABLE
-0.094756,-0.203205,0.202910,REACHABLE
-0.106636,-0.228682,0.242747,REACHABLE
-0.107310,-0.230128,0.291477,REACHABLE
-0.096557,-0.207067,0.333068,REACHABLE
-0.086605,-0.185726,0.299440,REACHABLE
-0.106800,-0.229034,0.289754,REACHABLE
-0.125922,-0.270041,0.307920,REACHABLE
-0.137679,-0.295254,0.347960,REACHABLE
-0.138204,-0.296379,0.396701,REACHABLE
-0.127323,-0.273044,0.438105,REACHABLE
-0.108616,-0.232928,0.458550,REACHABLE
-0.108238,-0.232117,0.417507,REACHABLE
-0.127303,-0.273003,0.436001,REACHABLE
-0.138937,-0.297952,0.476243,REACHABLE
-0.139312,-0.298755,0.524992,REACHABLE
-0.128304,-0.275148,0.566207,REACHABLE
-0.109535,-0.234899,0.586330,REACHABLE
-0.089181,-0.191249,0.578737,REACHABLE
-0.098503,-0.211240,0.544114,REACHABLE
-0.110013,-0.235923,0.584555,REACHABLE
-0.110238,-0.236405,0.633309,REACHABLE
-0.099103,-0.212528,0.674334,REACHABLE
-0.080273,-0.172146,0.694133,REACHABLE
-0.059943,-0.128548,0.686190,REACHABLE
-0.044802,-0.096078,0.653121,REACHABLE
-0.060682,-0.130133,0.636587,REACHABLE
-0.060757,-0.130294,0.685343,REACHABLE
-0.049497,-0.106146,0.726176,REACHABLE
-0.030606,-0.065635,0.745650,REACHABLE
-0.010301,-0.022091,0.737358,REACHABLE
0.004738,0.010161,0.704028,REACHABLE
0.009563,0.020508,0.656627,REACHABLE
-0.007523,-0.016133,0.663756,REACHABLE
0.003862,0.008283,0.704394,REACHABLE
0.022812,0.048921,0.723542,REACHABLE
0.043091,0.092410,0.714901,REACHABLE
0.058028,0.124441,0.681314,REACHABLE
0.062707,0.134475,0.633831,REACHABLE
0.055589,0.119211,0.588076,REACHABLE
0.043056,0.092334,0.616464,REACHABLE
0.062064,0.133097,0.635286,REACHABLE
0.082316,0.176528,0.626296,REACHABLE
0.097149,0.208337,0.592453,REACHABLE
0.101682,0.218058,0.544890,REACHABLE
0.094424,0.202493,0.499259,REACHABLE
0.077763,0.166762,0.470572,REACHABLE
0.074007,0.158709,0.510651,REACHABLE
0.094231,0.202080,0.501313,REACHABLE
0.108960,0.233665,0.467215,REACHABLE
0.113346,0.243072,0.419576,REACHABLE
0.105948,0.227206,0.374071,REACHABLE
0.089199,0.191288,0.345671,REACHABLE
0.068610,0.147135,0.343722,REACHABLE
0.074898,0.160620,0.381983,REACHABLE
0.089521,0.191979,0.347632,REACHABLE
0.093761,0.201072,0.299919,REACHABLE
0.086223,0.184907,0.254542,REACHABLE
0.069388,0.148802,0.226432,REACHABLE
0.048793,0.104637,0.224836,REACHABLE
0.031216,0.066944,0.250281,REACHABLE
-0.028744,-0.061642,0.254151,REACHABLE
-0.046881,-0.100537,0.231012,REACHABLE
-0.067408,-0.144557,0.235261,REACHABLE
-0.083571,-0.179220,0.265502,REACHABLE
-0.090053,-0.193119,0.311783,REACHABLE
-0.084720,-0.181682,0.358879,REACHABLE
-0.069327,-0.148672,0.391292,REACHABLE
-0.063930,-0.137098,0.352276,REACHABLE
-0.084443,-0.181089,0.356879,REACHABLE
-0.100513,-0.215551,0.387397,REACHABLE
-0.106852,-0.229144,0.433789,REACHABLE
-0.101374,-0.217398,0.480791,REACHABLE
-0.085882,-0.184175,0.512938,REACHABLE
-0.065473,-0.140408,0.519654,REACHABLE
-0.070146,-0.150429,0.480118,REACHABLE
-0.086122,-0.184689,0.510912,REACHABLE
-0.092318,-0.197976,0.557412,REACHABLE
-0.086696,-0.185920,0.604319,REACHABLE
-0.071106,-0.152486,0.636199,REACHABLE
-0.050676,-0.108676,0.642563,REACHABLE
-0.032130,-0.068903,0.621317,REACHABLE
-0.045298,-0.097142,0.594587,REACHABLE
-0.051351,-0.110123,0.641193,REACHABLE
-0.045585,-0.097758,0.688001,REACHABLE
-0.029897,-0.064115,0.719612,REACHABLE
-0.009449,-0.020264,0.725625,REACHABLE
0.009031,0.019367,0.704060,REACHABLE
0.019463,0.041739,0.662014,REACHABLE
0.002239,0.004801,0.657100,REACHABLE
0.008148,0.017474,0.703808,REACHABLE
0.023933,0.051324,0.735148,REACHABLE
0.044399,0.095214,0.740809,REACHABLE
0.062813,0.134702,0.718927,REACHABLE
0.073115,0.156797,0.676702,REACHABLE
0.071917,0.154227,0.628028,REACHABLE
0.056442,0.121040,0.646586,REACHABLE
0.072322,0.155096,0.677654,REACHABLE
0.092805,0.199021,0.682962,REACHABLE
0.111151,0.238364,0.660763,REACHABLE
0.121324,0.260180,0.618363,REACHABLE
0.119976,0.257290,0.569711,REACHABLE
0.107552,0.230645,0.530815,REACHABLE
0.099041,0.212395,0.566589,REACHABLE
0.119540,0.256354,0.571544,REACHABLE
0.137817,0.295550,0.549031,REACHABLE
0.147859,0.317085,0.506456,REACHABLE
0.146362,0.313874,0.457829,REACHABLE
0.133818,0.286974,0.419148,REACHABLE
0.114355,0.245235,0.403140,REACHABLE
0.115679,0.248074,0.444073,REACHABLE
0.133886,0.287120,0.421246,REACHABLE
0.143797,0.308374,0.378499,REACHABLE
0.142151,0.304843,0.329899,REACHABLE
0.129488,0.277688,0.291434,REACHABLE
0.109976,0.235845,0.275762,REACHABLE
0.090035,0.193080,0.288038,REACHABLE
0.100746,0.216050,0.320333,REACHABLE
0.110525,0.237022,0.277417,REACHABLE
0.108729,0.233171,0.228846,REACHABLE
0.095949,0.205764,0.190601,REACHABLE
0.076390,0.163818,0.175265,REACHABLE
0.056486,0.121136,0.187884,REACHABLE
0.042788,0.091759,0.224306,REACHABLE
-0.002956,-0.028937,0.019724,REACHABLE
0.001791,0.017529,0.005741,REACHABLE
-0.054650,-0.534927,0.013276,REACHABLE
-0.050925,-0.498460,0.045423,REACHABLE
-0.046017,-0.450418,0.052139,REACHABLE
-0.047140,-0.461418,0.012603,REACHABLE
-0.050982,-0.499024,0.043397,REACHABLE
-0.052472,-0.513609,0.089897,REACHABLE
-0.051120,-0.500375,0.136803,REACHABLE
-0.047371,-0.463677,0.168683,REACHABLE
-0.042458,-0.415587,0.175047,REACHABLE
-0.037998,-0.371931,0.153802,REACHABLE
-0.041165,-0.402927,0.127072,REACHABLE
-0.042620,-0.417176,0.173677,REACHABLE
-0.041234,-0.403603,0.220486,REACHABLE
-0.037461,-0.366675,0.252097,REACHABLE
-0.032543,-0.318541,0.258109,REACHABLE
-0.028099,-0.275039,0.236545,REACHABLE
-0.025590,-0.250482,0.194499,REACHABLE
-0.029733,-0.291028,0.189585,REACHABLE
-0.028311,-0.277117,0.236293,REACHABLE
-0.024515,-0.239961,0.267633,REACHABLE
-0.019594,-0.191785,0.273293,REACHABLE
-0.015165,-0.148440,0.251412,REACHABLE
-0.012688,-0.124188,0.209187,REACHABLE
-0.012976,-0.127008,0.160513,REACHABLE
-0.006525,-0.063869,0.033563,REACHABLE
-0.002395,-0.023441,0.006622,REACHABLE
-0.058564,-0.573237,0.005531,REACHABLE
-0.055947,-0.547624,0.046935,REACHABLE
-0.051449,-0.503590,0.067379,REACHABLE
-0.051358,-0.502699,0.026337,REACHABLE
-0.055943,-0.547578,0.044831,REACHABLE
-0.058741,-0.574964,0.085073,REACHABLE
-0.058831,-0.575845,0.133821,REACHABLE
-0.056183,-0.549933,0.175037,REACHABLE
-0.051670,-0.505752,0.195159,REACHABLE
-0.046775,-0.457840,0.187567,REACHABLE
-0.049017,-0.479783,0.152944,REACHABLE
-0.051785,-0.506877,0.193385,REACHABLE
-0.051839,-0.507406,0.242138,REACHABLE
-0.049161,-0.481196,0.283164,REACHABLE
-0.044633,-0.436871,0.302962,REACHABLE
-0.039743,-0.389015,0.295020,REACHABLE
-0.036102,-0.353374,0.261950,REACHABLE
-0.039921,-0.390755,0.245417,REACHABLE
-0.039939,-0.390931,0.294173,REACHABLE
-0.037231,-0.364425,0.335005,REACHABLE
-0.032688,-0.319958,0.354480,REACHABLE
-0.027805,-0.272161,0.346188,REACHABLE
-0.024188,-0.236759,0.312858,REACHABLE
-0.023028,-0.225402,0.265457,REACHABLE
-0.027137,-0.265621,0.272586,REACHABLE
-0.024399,-0.238821,0.313224,REACHABLE
-0.019842,-0.194214,0.332372,REACHABLE
-0.014965,-0.146478,0.323731,REACHABLE
-0.011373,-0.111318,0.290144,REACHABLE
-0.010247,-0.100304,0.242661,REACHABLE
-0.011959,-0.117059,0.196905,REACHABLE
-0.009532,-0.093299,0.056998,REACHABLE
-0.006374,-0.062393,0.019421,REACHABLE
-0.057435,-0.562180,0.009797,REACHABLE
-0.056152,-0.549626,0.056892,REACHABLE
-0.052450,-0.513392,0.089305,REACHABLE
-0.051152,-0.500687,0.050290,REACHABLE
-0.056086,-0.548975,0.054892,REACHABLE
-0.059950,-0.586802,0.085410,REACHABLE
-0.061475,-0.601724,0.131802,REACHABLE
-0.060157,-0.588830,0.178804,REACHABLE
-0.056432,-0.552362,0.210952,REACHABLE
-0.051523,-0.504321,0.217667,REACHABLE
-0.052647,-0.515320,0.178132,REACHABLE
-0.056489,-0.552926,0.208925,REACHABLE
-0.057979,-0.567512,0.255425,REACHABLE
-0.056627,-0.554278,0.302332,REACHABLE
-0.052878,-0.517579,0.334212,REACHABLE
-0.047965,-0.469490,0.340576,REACHABLE
-0.043505,-0.425833,0.319330,REACHABLE
-0.046672,-0.456830,0.292601,REACHABLE
-0.048127,-0.471079,0.339206,REACHABLE
-0.046741,-0.457506,0.386015,REACHABLE
-0.042968,-0.420577,0.417626,REACHABLE
-0.038050,-0.372443,0.423638,REACHABLE
-0.033606,-0.328941,0.402073,REACHABLE
-0.031097,-0.304384,0.360027,REACHABLE
-0.035240,-0.344931,0.355113,REACHABLE
-0.033818,-0.331019,0.401822,REACHABLE
-0.030022,-0.293863,0.433162,REACHABLE
-0.025100,-0.245687,0.438822,REACHABLE
-0.020672,-0.202342,0.416940,REACHABLE
-0.018194,-0.178090,0.374716,REACHABLE
-0.018483,-0.180910,0.326042,REACHABLE
-0.022204,-0.217339,0.344599,REACHABLE
-0.018385,-0.179957,0.375667,REACHABLE
-0.013459,-0.131742,0.380975,REACHABLE
-0.009047,-0.088556,0.358777,REACHABLE
-0.006601,-0.064610,0.316376,REACHABLE
-0.006925,-0.067783,0.267724,REACHABLE
-0.009913,-0.097029,0.228828,REACHABLE
-0.011718,-0.114695,0.088011,REACHABLE
-0.009805,-0.095971,0.043034,REACHABLE
-0.026546,-0.259832,0.005889,REACHABLE
-0.022472,-0.219960,0.014775,REACHABLE
-0.039438,-0.386025,0.027546,REACHABLE
-0.035549,-0.347962,0.012667,REACHABLE
-0.051359,-0.502708,0.025706,REACHABLE
-0.051521,-0.504295,0.074436,REACHABLE
-0.048935,-0.478982,0.116027,REACHABLE
-0.046542,-0.455557,0.082399,REACHABLE
-0.051398,-0.503095,0.072713,REACHABLE
-0.055997,-0.548106,0.090879,REACHABLE
-0.058824,-0.575782,0.130919,REACHABLE
-0.058950,-0.577017,0.179660,REACHABLE
-0.056334,-0.551403,0.221064,REACHABLE
-0.051835,-0.507370,0.241509,REACHABLE
-0.051744,-0.506479,0.200466,REACHABLE
-0.056329,-0.551358,0.218961,REACHABLE
-0.059127,-0.578743,0.259202,REACHABLE
-0.059217,-0.579625,0.307951,REACHABLE
-0.056570,-0.553713,0.349167,REACHABLE
-0.052056,-0.509532,0.369289,REACHABLE
-0.047161,-0.461620,0.361697,REACHABLE
-0.049403,-0.483563,0.327073,REACHABLE
-0.052171,-0.510657,0.367514,REACHABLE
-0.052225,-0.511186,0.416268,REACHABLE
-0.049547,-0.484976,0.457293,REACHABLE
-0.045019,-0.440651,0.477092,REACHABLE
-0.040130,-0.392795,0.469150,REACHABLE
-0.036488,-0.357153,0.436080,REACHABLE
-0.040307,-0.394535,0.419546,REACHABLE
-0.040325,-0.394711,0.468302,REACHABLE
-0.037617,-0.368205,0.509135,REACHABLE
-0.033074,-0.323738,0.528609,REACHABLE
-0.028191,-0.275941,0.520317,REACHABLE
-0.024574,-0.240539,0.486988,REACHABLE
-0.023414,-0.229182,0.439586,REACHABLE
-0.027523,-0.269401,0.446715,REACHABLE
-0.024785,-0.242601,0.487353,REACHABLE
-0.020228,-0.197994,0.506501,REACHABLE
-0.015351,-0.150258,0.497860,REACHABLE
-0.011759,-0.115098,0.464273,REACHABLE
-0.010634,-0.104084,0.416790,REACHABLE
-0.012345,-0.120839,0.371035,REACHABLE
-0.015359,-0.150340,0.399423,REACHABLE
-0.010788,-0.105596,0.418245,REACHABLE
-0.005918,-0.057924,0.409255,REACHABLE
-0.002351,-0.023008,0.375412,REACHABLE
-0.001260,-0.012338,0.327850,REACHABLE
-0.003006,-0.029424,0.282218,REACHABLE
-0.007013,-0.068643,0.253531,REACHABLE
-0.012895,-0.126214,0.123933,REACHABLE
-0.012391,-0.121284,0.075429,REACHABLE
-0.014679,-0.143681,0.032181,REACHABLE
-0.019006,-0.186035,0.008420,REACHABLE
-0.023948,-0.234411,0.011962,REACHABLE
-0.027880,-0.272892,0.041643,REACHABLE
-0.029507,-0.288816,0.087697,REACHABLE
-0.025346,-0.248096,0.084565,REACHABLE
-0.027667,-0.270805,0.041483,REACHABLE
-0.032011,-0.313329,0.018031,REACHABLE
-0.036951,-0.361678,0.021927,REACHABLE
-0.040860,-0.399944,0.051889,REACHABLE
-0.042453,-0.415535,0.098058,REACHABLE
-0.041205,-0.403322,0.145244,REACHABLE
-0.037923,-0.371195,0.119899,REACHABLE
-0.042285,-0.413888,0.096759,REACHABLE
-0.047221,-0.462208,0.101009,REACHABLE
-0.051108,-0.500255,0.131249,REACHABLE
-0.052667,-0.515512,0.177531,REACHABLE
-0.051384,-0.502958,0.224626,REACHABLE
-0.047682,-0.466724,0.257039,REACHABLE
-0.046384,-0.454019,0.218024,REACHABLE
-0.051318,-0.502307,0.222626,REACHABLE
-0.055182,-0.540134,0.253144,REACHABLE
-0.056707,-0.555056,0.299536,REACHABLE
-0.055389,-0.542162,0.346539,REACHABLE
-0.051664,-0.505694,0.378686,REACHABLE
-0.046756,-0.457652,0.385401,REACHABLE
-0.047879,-0.468652,0.345866,REACHABLE
-0.051721,-0.506258,0.376660,REACHABLE
-0.053212,-0.520843,0.423160,REACHABLE
-0.051859,-0.507610,0.470066,REACHABLE
-0.048110,-0.470911,0.501946,REACHABLE
-0.043197,-0.422822,0.508310,REACHABLE
-0.038737,-0.379165,0.487064,REACHABLE
-0.041904,-0.410162,0.460335,REACHABLE
-0.043360,-0.424410,0.506940,REACHABLE
-0.041973,-0.410837,0.553749,REACHABLE
-0.038200,-0.373909,0.585360,REACHABLE
-0.033283,-0.325775,0.591372,REACHABLE
-0.028838,-0.282273,0.569808,REACHABLE
-0.026329,-0.257716,0.527762,REACHABLE
-0.030472,-0.298262,0.522848,REACHABLE
-0.029050,-0.284351,0.569556,REACHABLE
-0.025254,-0.247195,0.600896,REACHABLE
-0.020333,-0.199019,0.606556,REACHABLE
-0.015904,-0.155674,0.584674,REACHABLE
-0.013427,-0.131422,0.542450,REACHABLE
-0.013715,-0.134242,0.493776,REACHABLE
-0.017436,-0.170671,0.512333,REACHABLE
-0.013617,-0.133289,0.543401,REACHABLE
-0.008691,-0.085073,0.548709,REACHABLE
-0.004279,-0.041888,0.526511,REACHABLE
-0.001833,-0.017942,0.484110,REACHABLE
-0.002157,-0.021114,0.435458,REACHABLE
-0.005145,-0.050361,0.396562,REACHABLE
-0.007192,-0.070394,0.432336,REACHABLE
-0.002262,-0.022141,0.437292,REACHABLE
0.002133,0.020883,0.414778,REACHABLE
0.004548,0.044521,0.372204,REACHABLE
0.004188,0.040997,0.323576,REACHABLE
0.001172,0.011469,0.284895,REACHABLE
-0.003509,-0.034346,0.268887,REACHABLE
-0.012961,-0.126863,0.161669,REACHABLE
-0.013910,-0.136153,0.113815,REACHABLE
-0.017375,-0.170074,0.078965,REACHABLE
-0.022217,-0.217466,0.068585,REACHABLE
-0.026842,-0.262736,0.086091,REACHABLE
-0.029729,-0.290989,0.125722,REACHABLE
-0.029927,-0.292928,0.174440,REACHABLE
-0.026038,-0.254865,0.159561,REACHABLE
-0.029529,-0.289038,0.124960,REACHABLE
-0.034379,-0.336504,0.114927,REACHABLE
-0.038990,-0.381646,0.132763,REACHABLE
-0.041848,-0.409611,0.172600,REACHABLE
-0.042010,-0.411198,0.221331,REACHABLE
-0.039424,-0.385885,0.262921,REACHABLE
-0.037030,-0.362460,0.229293,REACHABLE
-0.041887,-0.409997,0.219607,REACHABLE
-0.046486,-0.455009,0.237773,REACHABLE
-0.049313,-0.482685,0.277813,REACHABLE
-0.049439,-0.483920,0.326554,REACHABLE
-0.046822,-0.458306,0.367958,REACHABLE
-0.042324,-0.414272,0.388403,REACHABLE
-0.042233,-0.413381,0.347360,REACHABLE
-0.046818,-0.458260,0.365855,REACHABLE
-0.049616,-0.485646,0.406096,REACHABLE
-0.049706,-0.486528,0.454845,REACHABLE
-0.047058,-0.460616,0.496061,REACHABLE
-0.042545,-0.416435,0.516183,REACHABLE
-0.037650,-0.368523,0.508591,REACHABLE
-0.039892,-0.390466,0.473967,REACHABLE
-0.042660,-0.417560,0.514408,REACHABLE
-0.042714,-0.418089,0.563162,REACHABLE
-0.040036,-0.391879,0.604187,REACHABLE
-0.035508,-0.347554,0.623986,REACHABLE
-0.030618,-0.299698,0.616044,REACHABLE
-0.026977,-0.264056,0.582974,REACHABLE
-0.030796,-0.301437,0.566440,REACHABLE
-0.030814,-0.301614,0.615196,REACHABLE
-0.028106,-0.275108,0.656029,REACHABLE
-0.023563,-0.230641,0.675503,REACHABLE
-0.018680,-0.182843,0.667211,REACHABLE
-0.015063,-0.147442,0.633882,REACHABLE
-0.013903,-0.136084,0.586481,REACHABLE
-0.018012,-0.176304,0.593609,REACHABLE
-0.015274,-0.149503,0.634247,REACHABLE
-0.010717,-0.104896,0.653396,REACHABLE
-0.005840,-0.057160,0.644755,REACHABLE
-0.002248,-0.022001,0.611167,REACHABLE
-0.001122,-0.010987,0.563684,REACHABLE
-0.002834,-0.027742,0.517929,REACHABLE
-0.005848,-0.057243,0.546317,REACHABLE
-0.001277,-0.012499,0.565139,REACHABLE
0.003593,0.035174,0.556150,REACHABLE
0.007161,0.070089,0.522306,REACHABLE
0.008251,0.080759,0.474744,REACHABLE
0.006505,0.063674,0.429112,REACHABLE
0.002498,0.024454,0.400425,REACHABLE
0.001595,0.015615,0.440504,REACHABLE
0.006459,0.063221,0.431166,REACHABLE
0.010001,0.097890,0.397068,REACHABLE
0.011056,0.108216,0.349430,REACHABLE
0.009277,0.090801,0.303924,REACHABLE
0.005249,0.051375,0.275525,REACHABLE
0.000297,0.002909,0.273575,REACHABLE
-0.011911,-0.116587,0.197969,REACHABLE
-0.014231,-0.139296,0.154886,REACHABLE
-0.018576,-0.181821,0.131435,REACHABLE
-0.023515,-0.230170,0.135331,REACHABLE
-0.027424,-0.268435,0.165293,REACHABLE
-0.029017,-0.284026,0.211462,REACHABLE
-0.027770,-0.271813,0.258647,REACHABLE
-0.024487,-0.239686,0.233303,REACHABLE
-0.028849,-0.282379,0.210163,REACHABLE
-0.033786,-0.330699,0.214412,REACHABLE
-0.037673,-0.368746,0.244653,REACHABLE
-0.039231,-0.384003,0.290934,REACHABLE
-0.037949,-0.371449,0.338030,REACHABLE
-0.034247,-0.335215,0.370443,REACHABLE
-0.032949,-0.322510,0.331427,REACHABLE
-0.037882,-0.370798,0.336030,REACHABLE
-0.041747,-0.408625,0.366548,REACHABLE
-0.043271,-0.423547,0.412940,REACHABLE
-0.041954,-0.410653,0.459942,REACHABLE
-0.038228,-0.374185,0.492090,REACHABLE
-0.033320,-0.326144,0.498805,REACHABLE
-0.034444,-0.337143,0.459270,REACHABLE
-0.038286,-0.374749,0.490063,REACHABLE
-0.039776,-0.389335,0.536563,REACHABLE
-0.038424,-0.376101,0.583470,REACHABLE
-0.034675,-0.339402,0.615350,REACHABLE
-0.029762,-0.291313,0.621714,REACHABLE
-0.025302,-0.247656,0.600468,REACHABLE
-0.028468,-0.278653,0.573738,REACHABLE
-0.029924,-0.292901,0.620344,REACHABLE
-0.028537,-0.279329,0.667153,REACHABLE
-0.024765,-0.242400,0.698763,REACHABLE
-0.019847,-0.194266,0.704776,REACHABLE
-0.015403,-0.150764,0.683211,REACHABLE
-0.012894,-0.126207,0.641165,REACHABLE
-0.017036,-0.166753,0.636251,REACHABLE
-0.015615,-0.152842,0.682959,REACHABLE
-0.011819,-0.115686,0.714300,REACHABLE
-0.006897,-0.067510,0.719960,REACHABLE
-0.002469,-0.024165,0.698078,REACHABLE
0.000009,0.000087,0.655853,REACHABLE
-0.000279,-0.002733,0.607179,REACHABLE
-0.004001,-0.039162,0.625737,REACHABLE
-0.000182,-0.001780,0.656805,REACHABLE
0.004744,0.046436,0.662113,REACHABLE
0.009156,0.089621,0.639914,REACHABLE
0.011602,0.113567,0.597514,REACHABLE
0.011278,0.110395,0.548862,REACHABLE
0.008290,0.081148,0.509966,REACHABLE
0.006244,0.061115,0.545740,REACHABLE
0.011173,0.109368,0.550695,REACHABLE
0.015569,0.152391,0.528182,REACHABLE
0.017984,0.176030,0.485608,REACHABLE
0.017624,0.172506,0.436980,REACHABLE
0.014607,0.142978,0.398299,REACHABLE
0.009927,0.097163,0.382291,REACHABLE
0.010245,0.100278,0.423224,REACHABLE
0.014624,0.143138,0.400397,REACHABLE
0.017007,0.166468,0.357650,REACHABLE
0.016611,0.162592,0.309050,REACHABLE
0.013566,0.132786,0.270586,REACHABLE
0.008874,0.086856,0.254913,REACHABLE
0.004078,0.039914,0.267190,REACHABLE
-0.009835,-0.096270,0.229708,REACHABLE
-0.013327,-0.130443,0.195107,REACHABLE
-0.018176,-0.177909,0.185074,REACHABLE
-0.022788,-0.223051,0.202910,REACHABLE
-0.025645,-0.251016,0.242747,REACHABLE
-0.025807,-0.252603,0.291477,REACHABLE
-0.023221,-0.227290,0.333068,REACHABLE
-0.020828,-0.203865,0.299440,REACHABLE
-0.025684,-0.251402,0.289754,REACHABLE
-0.030283,-0.296414,0.307920,REACHABLE
-0.033110,-0.324090,0.347960,REACHABLE
-0.033236,-0.325324,0.396701,REACHABLE
-0.030620,-0.299711,0.438105,REACHABLE
-0.026121,-0.255677,0.458550,REACHABLE
-0.026030,-0.254786,0.417507,REACHABLE
-0.030615,-0.299665,0.436001,REACHABLE
-0.033413,-0.327051,0.476243,REACHABLE
-0.033503,-0.327933,0.524992,REACHABLE
-0.030856,-0.302021,0.566207,REACHABLE
-0.026342,-0.257840,0.586330,REACHABLE
-0.021447,-0.209928,0.578737,REACHABLE
-0.023689,-0.231871,0.544114,REACHABLE
-0.026457,-0.258965,0.584555,REACHABLE
-0.026511,-0.259494,0.633309,REACHABLE
-0.023833,-0.233284,0.674334,REACHABLE
-0.019305,-0.188959,0.694133,REACHABLE
-0.014416,-0.141103,0.686190,REACHABLE
-0.010774,-0.105461,0.653121,REACHABLE
-0.014593,-0.142842,0.636587,REACHABLE
-0.014611,-0.143019,0.685343,REACHABLE
-0.011903,-0.116513,0.726176,REACHABLE
-0.007360,-0.072046,0.745650,REACHABLE
-0.002477,-0.024248,0.737358,REACHABLE
0.001139,0.011153,0.704028,REACHABLE
0.002300,0.022511,0.656627,REACHABLE
-0.001809,-0.017709,0.663756,REACHABLE
0.000929,0.009092,0.704394,REACHABLE
0.005486,0.053699,0.723542,REACHABLE
0.010363,0.101435,0.714901,REACHABLE
0.013955,0.136594,0.681314,REACHABLE
0.015080,0.147608,0.633831,REACHABLE
0.013369,0.130853,0.588076,REACHABLE
0.010355,0.101352,0.616464,REACHABLE
0.014926,0.146096,0.635286,REACHABLE
0.019796,0.193769,0.626296,REACHABLE
0.023363,0.228684,0.592453,REACHABLE
0.024453,0.239354,0.544890,REACHABLE
0.022708,0.222269,0.499259,REACHABLE
0.018701,0.183049,0.470572,REACHABLE
0.017798,0.174210,0.510651,REACHABLE
0.022662,0.221816,0.501313,REACHABLE
0.026204,0.256485,0.467215,REACHABLE
0.027259,0.266811,0.419576,REACHABLE
0.025479,0.249396,0.374071,REACHABLE
0.021451,0.209970,0.345671,REACHABLE
0.016500,0.161504,0.343722,REACHABLE
0.018012,0.176306,0.381983,REACHABLE
0.021529,0.210728,0.347632,REACHABLE
0.022549,0.220709,0.299919,REACHABLE
0.020736,0.202965,0.254542,REACHABLE
0.016687,0.163335,0.226432,REACHABLE
0.011734,0.114857,0.224836,REACHABLE
0.007507,0.073482,0.250281,REACHABLE
-0.006913,-0.067663,0.254151,REACHABLE
-0.011274,-0.110356,0.231012,REACHABLE
-0.016211,-0.158676,0.235261,REACHABLE
-0.020098,-0.196723,0.265502,REACHABLE
-0.021657,-0.211980,0.311783,REACHABLE
-0.020374,-0.199426,0.358879,REACHABLE
-0.016672,-0.163192,0.391292,REACHABLE
-0.015374,-0.150487,0.352276,REACHABLE
-0.020308,-0.198775,0.356879,REACHABLE
-0.024172,-0.236602,0.387397,REACHABLE
-0.025697,-0.251524,0.433789,REACHABLE
-0.024379,-0.238630,0.480791,REACHABLE
-0.020654,-0.202162,0.512938,REACHABLE
-0.015746,-0.154120,0.519654,REACHABLE
-0.016869,-0.165120,0.480118,REACHABLE
-0.020711,-0.202726,0.510912,REACHABLE
-0.022201,-0.217312,0.557412,REACHABLE
-0.020849,-0.204078,0.604319,REACHABLE
-0.017100,-0.167379,0.636199,REACHABLE
-0.012187,-0.119290,0.642563,REACHABLE
-0.007727,-0.075633,0.621317,REACHABLE
-0.010894,-0.106630,0.594587,REACHABLE
-0.012349,-0.120878,0.641193,REACHABLE
-0.010963,-0.107306,0.688001,REACHABLE
-0.007190,-0.070377,0.719612,REACHABLE
-0.002272,-0.022243,0.725625,REACHABLE
0.002172,0.021259,0.704060,REACHABLE
0.004681,0.045816,0.662014,REACHABLE
0.000538,0.005270,0.657100,REACHABLE
0.001960,0.019181,0.703808,REACHABLE
0.005756,0.056337,0.735148,REACHABLE
0.010677,0.104513,0.740809,REACHABLE
0.015106,0.147858,0.718927,REACHABLE
0.017583,0.172110,0.676702,REACHABLE
0.017295,0.169290,0.628028,REACHABLE
0.013574,0.132861,0.646586,REACHABLE
0.017393,0.170243,0.677654,REACHABLE
0.022319,0.218459,0.682962,REACHABLE
0.026731,0.261644,0.660763,REACHABLE
0.029177,0.285590,0.618363,REACHABLE
0.028853,0.282418,0.569711,REACHABLE
0.025865,0.253171,0.530815,REACHABLE
0.023818,0.233138,0.566589,REACHABLE
0.028748,0.281391,0.571544,REACHABLE
0.033144,0.324415,0.549031,REACHABLE
0.035559,0.348053,0.506456,REACHABLE
0.035198,0.344529,0.457829,REACHABLE
0.032182,0.315001,0.419148,REACHABLE
0.027501,0.269186,0.403140,REACHABLE
0.027819,0.272301,0.444073,REACHABLE
0.032198,0.315161,0.421246,REACHABLE
0.034582,0.338491,0.378499,REACHABLE
0.034186,0.334615,0.329899,REACHABLE
0.031141,0.304809,0.291434,REACHABLE
0.026448,0.258879,0.275762,REACHABLE
0.021652,0.211937,0.288038,REACHABLE
0.024228,0.237151,0.320333,REACHABLE
0.026580,0.260171,0.277417,REACHABLE
0.026148,0.255944,0.228846,REACHABLE
0.023075,0.225860,0.190601,REACHABLE
0.018371,0.179817,0.175265,REACHABLE
0.013584,0.132966,0.187884,REACHABLE
0.010290,0.100721,0.224306,REACHABLE
0.006708,-0.028304,0.019724,REACHABLE
-0.004064,0.017145,0.005741,REACHABLE
0.124005,-0.523218,0.013276,REACHABLE
0.115551,-0.487549,0.045423,REACHABLE
0.104414,-0.440558,0.052139,REACHABLE
0.106964,-0.451317,0.012603,REACHABLE
0.115682,-0.488100,0.043397,REACHABLE
0.119063,-0.502366,0.089897,REACHABLE
0.115995,-0.489422,0.136803,REACHABLE
0.107488,-0.453527,0.168683,REACHABLE
0.096340,-0.406490,0.175047,REACHABLE
0.086220,-0.363789,0.153802,REACHABLE
0.093405,-0.394107,0.127072,REACHABLE
0.096708,-0.408044,0.173677,REACHABLE
0.093562,-0.394768,0.220486,REACHABLE
0.085001,-0.358648,0.252097,REACHABLE
0.073843,-0.311568,0.258109,REACHABLE
0.063758,-0.269018,0.236545,REACHABLE
0.058066,-0.244999,0.194499,REACHABLE
0.067465,-0.284657,0.189585,REACHABLE
0.064240,-0.271051,0.236293,REACHABLE
0.055627,-0.234708,0.267633,REACHABLE
0.044459,-0.187586,0.273293,REACHABLE
0.034411,-0.145190,0.251412,REACHABLE
0.028789,-0.121469,0.209187,REACHABLE
0.029443,-0.124228,0.160513,REACHABLE
0.014806,-0.062470,0.033563,REACHABLE
0.005434,-0.022928,0.006622,REACHABLE
0.132886,-0.560689,0.005531,REACHABLE
0.126948,-0.535636,0.046935,REACHABLE
0.116740,-0.492566,0.067379,REACHABLE
0.116534,-0.491695,0.026337,REACHABLE
0.126937,-0.535591,0.044831,REACHABLE
0.133286,-0.562378,0.085073,REACHABLE
0.133490,-0.563240,0.133821,REACHABLE
0.127483,-0.537895,0.175037,REACHABLE
0.117242,-0.494681,0.195159,REACHABLE
0.106135,-0.447818,0.187567,REACHABLE
0.111222,-0.469281,0.152944,REACHABLE
0.117502,-0.495782,0.193385,REACHABLE
0.117625,-0.496299,0.242138,REACHABLE
0.111549,-0.470663,0.283164,REACHABLE
0.101274,-0.427308,0.302962,REACHABLE
0.090180,-0.380500,0.295020,REACHABLE
0.081918,-0.345638,0.261950,REACHABLE
0.090583,-0.382201,0.245417,REACHABLE
0.090624,-0.382374,0.294173,REACHABLE
0.084480,-0.356448,0.335005,REACHABLE
0.074172,-0.312954,0.354480,REACHABLE
0.063091,-0.266203,0.346188,REACHABLE
0.054885,-0.231577,0.312858,REACHABLE
0.052252,-0.220468,0.265457,REACHABLE
0.061575,-0.259807,0.272586,REACHABLE
0.055363,-0.233593,0.313224,REACHABLE
0.045022,-0.189963,0.332372,REACHABLE
0.033956,-0.143271,0.323731,REACHABLE
0.025805,-0.108882,0.290144,REACHABLE
0.023252,-0.098109,0.242661,REACHABLE
0.027136,-0.114497,0.196905,REACHABLE
0.021628,-0.091257,0.056998,REACHABLE
0.014464,-0.061027,0.019421,REACHABLE
0.130322,-0.549874,0.009797,REACHABLE
0.127412,-0.537595,0.056892,REACHABLE
0.119013,-0.502154,0.089305,REACHABLE
0.116067,-0.489727,0.050290,REACHABLE
0.127261,-0.536958,0.054892,REACHABLE
0.136030,-0.573957,0.085410,REACHABLE
0.139489,-0.588552,0.131802,REACHABLE
0.136500,-0.575940,0.178804,REACHABLE
0.128047,-0.540271,0.210952,REACHABLE
0.116910,-0.493281,0.217667,REACHABLE
0.119460,-0.504040,0.178132,REACHABLE
0.128177,-0.540823,0.208925,REACHABLE
0.131558,-0.555089,0.255425,REACHABLE
0.128491,-0.542145,0.302332,REACHABLE
0.119983,-0.506249,0.334212,REACHABLE
0.108835,-0.459213,0.340576,REACHABLE
0.098715,-0.416511,0.319330,REACHABLE
0.105901,-0.446830,0.292601,REACHABLE
0.109204,-0.460767,0.339206,REACHABLE
0.106057,-0.447491,0.386015,REACHABLE
0.097497,-0.411371,0.417626,REACHABLE
0.086338,-0.364290,0.423638,REACHABLE
0.076254,-0.321741,0.402073,REACHABLE
0.070561,-0.297721,0.360027,REACHABLE
0.079961,-0.337380,0.355113,REACHABLE
0.076736,-0.323773,0.401822,REACHABLE
0.068122,-0.287430,0.433162,REACHABLE
0.056954,-0.240309,0.438822,REACHABLE
0.046906,-0.197913,0.416940,REACHABLE
0.041284,-0.174192,0.374716,REACHABLE
0.041938,-0.176950,0.326042,REACHABLE
0.050383,-0.212582,0.344599,REACHABLE
0.041717,-0.176018,0.375667,REACHABLE
0.030540,-0.128858,0.380975,REACHABLE
0.020529,-0.086618,0.358777,REACHABLE
0.014978,-0.063196,0.316376,REACHABLE
0.015713,-0.066299,0.267724,REACHABLE
0.022493,-0.094905,0.228828,REACHABLE
0.026588,-0.112185,0.088011,REACHABLE
0.022248,-0.093870,0.043034,REACHABLE
0.060233,-0.254144,0.005889,REACHABLE
0.050990,-0.215145,0.014775,REACHABLE
0.089487,-0.377575,0.027546,REACHABLE
0.080663,-0.340345,0.012667,REACHABLE
0.116536,-0.491704,0.025706,REACHABLE
0.116904,-0.493256,0.074436,REACHABLE
0.111036,-0.468497,0.116027,REACHABLE
0.105606,-0.445585,0.082399,REACHABLE
0.116625,-0.492082,0.072713,REACHABLE
0.127060,-0.536108,0.090879,REACHABLE
0.133476,-0.563178,0.130919,REACHABLE
0.133762,-0.564386,0.179660,REACHABLE
0.127824,-0.539333,0.221064,REACHABLE
0.117617,-0.496263,0.241509,REACHABLE
0.117410,-0.495392,0.200466,REACHABLE
0.127814,-0.539288,0.218961,REACHABLE
0.134162,-0.566075,0.259202,REACHABLE
0.134367,-0.566937,0.307951,REACHABLE
0.128360,-0.541592,0.349167,REACHABLE
0.118118,-0.498379,0.369289,REACHABLE
0.107011,-0.451515,0.361697,REACHABLE
0.112098,-0.472978,0.327073,REACHABLE
0.118379,-0.499479,0.367514,REACHABLE
0.118501,-0.499996,0.416268,REACHABLE
0.112425,-0.474360,0.457293,REACHABLE
0.102150,-0.431005,0.477092,REACHABLE
0.091056,-0.384197,0.469150,REACHABLE
0.082794,-0.349335,0.436080,REACHABLE
0.091460,-0.385898,0.419546,REACHABLE
0.091500,-0.386071,0.468302,REACHABLE
0.085356,-0.360145,0.509135,REACHABLE
0.075048,-0.316651,0.528609,REACHABLE
0.063968,-0.269900,0.520317,REACHABLE
0.055761,-0.235274,0.486988,REACHABLE
0.053128,-0.224165,0.439586,REACHABLE
0.062452,-0.263504,0.446715,REACHABLE
0.056239,-0.237290,0.487353,REACHABLE
0.045898,-0.193660,0.506501,REACHABLE
0.034832,-0.146968,0.497860,REACHABLE
0.026682,-0.112579,0.464273,REACHABLE
0.024128,-0.101806,0.416790,REACHABLE
0.028012,-0.118194,0.371035,REACHABLE
0.034851,-0.147049,0.399423,REACHABLE
0.024479,-0.103285,0.418245,REACHABLE
0.013428,-0.056656,0.409255,REACHABLE
0.005334,-0.022505,0.375412,REACHABLE
0.002860,-0.012068,0.327850,REACHABLE
0.006821,-0.028779,0.282218,REACHABLE
0.015913,-0.067141,0.253531,REACHABLE
0.029258,-0.123451,0.123933,REACHABLE
0.028116,-0.118629,0.075429,REACHABLE
0.033308,-0.140536,0.032181,REACHABLE
0.043126,-0.181963,0.008420,REACHABLE
0.054340,-0.229280,0.011962,REACHABLE
0.063261,-0.266918,0.041643,REACHABLE
0.066952,-0.282494,0.087697,REACHABLE
0.057513,-0.242665,0.084565,REACHABLE
0.062777,-0.264877,0.041483,REACHABLE
0.072635,-0.306471,0.018031,REACHABLE
0.083843,-0.353761,0.021927,REACHABLE
0.092713,-0.391189,0.051889,REACHABLE
0.096328,-0.406439,0.098058,REACHABLE
0.093497,-0.394493,0.145244,REACHABLE
0.086049,-0.363069,0.119899,REACHABLE
0.095946,-0.404828,0.096759,REACHABLE
0.107147,-0.452090,0.101009,REACHABLE
0.115967,-0.489304,0.131249,REACHABLE
0.119504,-0.504227,0.177531,REACHABLE
0.116594,-0.491948,0.224626,REACHABLE
0.108194,-0.456507,0.257039,REACHABLE
0.105249,-0.444081,0.218024,REACHABLE
0.116443,-0.491311,0.222626,REACHABLE
0.125212,-0.528311,0.253144,REACHABLE
0.128671,-0.542905,0.299536,REACHABLE
0.125682,-0.530293,0.346539,REACHABLE
0.117228,-0.494624,0.378686,REACHABLE
0.106091,-0.447634,0.385401,REACHABLE
0.108641,-0.458393,0.345866,REACHABLE
0.117359,-0.495176,0.376660,REACHABLE
0.120740,-0.509442,0.423160,REACHABLE
0.117672,-0.496498,0.470066,REACHABLE
0.109165,-0.460602,0.501946,REACHABLE
0.098017,-0.413566,0.508310,REACHABLE
0.087897,-0.370865,0.487064,REACHABLE
0.095082,-0.401183,0.460335,REACHABLE
0.098385,-0.415120,0.506940,REACHABLE
0.095239,-0.401844,0.553749,REACHABLE
0.086678,-0.365724,0.585360,REACHABLE
0.075520,-0.318644,0.591372,REACHABLE
0.065435,-0.276094,0.569808,REACHABLE
0.059743,-0.252075,0.527762,REACHABLE
0.069142,-0.291733,0.522848,REACHABLE
0.065917,-0.278127,0.569556,REACHABLE
0.057304,-0.241784,0.600896,REACHABLE
0.046136,-0.194662,0.606556,REACHABLE
0.036088,-0.152266,0.584674,REACHABLE
0.030466,-0.128545,0.542450,REACHABLE
0.031120,-0.131304,0.493776,REACHABLE
0.039564,-0.166935,0.512333,REACHABLE
0.030899,-0.130371,0.543401,REACHABLE
0.019721,-0.083211,0.548709,REACHABLE
0.009710,-0.040971,0.526511,REACHABLE
0.004159,-0.017549,0.484110,REACHABLE
0.004895,-0.020652,0.435458,REACHABLE
0.011675,-0.049259,0.396562,REACHABLE
0.016318,-0.068853,0.432336,REACHABLE
0.005133,-0.021656,0.437292,REACHABLE
-0.004841,0.020425,0.414778,REACHABLE
-0.010321,0.043547,0.372204,REACHABLE
-0.009504,0.040099,0.323576,REACHABLE
-0.002659,0.011218,0.284895,REACHABLE
0.007962,-0.033594,0.268887,REACHABLE
0.029409,-0.124086,0.161669,REACHABLE
0.031562,-0.133172,0.113815,REACHABLE
0.039426,-0.166351,0.078965,REACHABLE
0.050412,-0.212706,0.068585,REACHABLE
0.060907,-0.256985,0.086091,REACHABLE
0.067456,-0.284619,0.125722,REACHABLE
0.067906,-0.286516,0.174440,REACHABLE
0.059082,-0.249286,0.159561,REACHABLE
0.067004,-0.282711,0.124960,REACHABLE
0.078007,-0.329138,0.114927,REACHABLE
0.088472,-0.373291,0.132763,REACHABLE
0.094954,-0.400644,0.172600,REACHABLE
0.095322,-0.402197,0.221331,REACHABLE
0.089454,-0.377437,0.262921,REACHABLE
0.084024,-0.354526,0.229293,REACHABLE
0.095044,-0.401022,0.219607,REACHABLE
0.105478,-0.445049,0.237773,REACHABLE
0.111894,-0.472119,0.277813,REACHABLE
0.112180,-0.473326,0.326554,REACHABLE
0.106243,-0.448274,0.367958,REACHABLE
0.096035,-0.405204,0.388403,REACHABLE
0.095829,-0.404332,0.347360,REACHABLE
0.106232,-0.448229,0.365855,REACHABLE
0.112581,-0.475015,0.406096,REACHABLE
0.112785,-0.475878,0.454845,REACHABLE
0.106778,-0.450533,0.496061,REACHABLE
0.096536,-0.407319,0.516183,REACHABLE
0.085430,-0.360456,0.508591,REACHABLE
0.090516,-0.381918,0.473967,REACHABLE
0.096797,-0.408419,0.514408,REACHABLE
0.096920,-0.408937,0.563162,REACHABLE
0.090844,-0.383301,0.604187,REACHABLE
0.080569,-0.339946,0.623986,REACHABLE
0.069475,-0.293137,0.616044,REACHABLE
0.061213,-0.258276,0.582974,REACHABLE
0.069878,-0.294839,0.566440,REACHABLE
0.069919,-0.295011,0.615196,REACHABLE
0.063774,-0.269086,0.656029,REACHABLE
0.053466,-0.225592,0.675503,REACHABLE
0.042386,-0.178841,0.667211,REACHABLE
0.034179,-0.144214,0.633882,REACHABLE
0.031547,-0.133106,0.586481,REACHABLE
0.040870,-0.172445,0.593609,REACHABLE
0.034657,-0.146231,0.634247,REACHABLE
0.024317,-0.102600,0.653396,REACHABLE
0.013251,-0.055909,0.644755,REACHABLE
0.005100,-0.021519,0.611167,REACHABLE
0.002547,-0.010746,0.563684,REACHABLE
0.006431,-0.027134,0.517929,REACHABLE
0.013270,-0.055990,0.546317,REACHABLE
0.002897,-0.012225,0.565139,REACHABLE
-0.008154,0.034404,0.556150,REACHABLE
-0.016248,0.068555,0.522306,REACHABLE
-0.018721,0.078992,0.474744,REACHABLE
-0.014761,0.062280,0.429112,REACHABLE
-0.005669,0.023919,0.400425,REACHABLE
-0.003620,0.015273,0.440504,REACHABLE
-0.014656,0.061837,0.431166,REACHABLE
-0.022693,0.095748,0.397068,REACHABLE
-0.025086,0.105847,0.349430,REACHABLE
-0.021049,0.088813,0.303924,REACHABLE
-0.011910,0.050250,0.275525,REACHABLE
-0.000674,0.002846,0.273575,REACHABLE
0.027027,-0.114035,0.197969,REACHABLE
0.032291,-0.136247,0.154886,REACHABLE
0.042149,-0.177840,0.131435,REACHABLE
0.053357,-0.225131,0.135331,REACHABLE
0.062228,-0.262559,0.165293,REACHABLE
0.065842,-0.277808,0.211462,REACHABLE
0.063011,-0.265863,0.258647,REACHABLE
0.055563,-0.234439,0.233303,REACHABLE
0.065460,-0.276198,0.210163,REACHABLE
0.076661,-0.323460,0.214412,REACHABLE
0.085481,-0.360674,0.244653,REACHABLE
0.089018,-0.375597,0.290934,REACHABLE
0.086108,-0.363318,0.338030,REACHABLE
0.077708,-0.327877,0.370443,REACHABLE
0.074763,-0.315450,0.331427,REACHABLE
0.085957,-0.362681,0.336030,REACHABLE
0.094726,-0.399680,0.366548,REACHABLE
0.098185,-0.414275,0.412940,REACHABLE
0.095196,-0.401663,0.459942,REACHABLE
0.086742,-0.365994,0.492090,REACHABLE
0.075605,-0.319004,0.498805,REACHABLE
0.078155,-0.329763,0.459270,REACHABLE
0.086873,-0.366546,0.490063,REACHABLE
0.090254,-0.380812,0.536563,REACHABLE
0.087186,-0.367868,0.583470,REACHABLE
0.078679,-0.331972,0.615350,REACHABLE
0.067531,-0.284936,0.621714,REACHABLE
0.057411,-0.242235,0.600468,REACHABLE
0.064596,-0.272553,0.573738,REACHABLE
0.067899,-0.286490,0.620344,REACHABLE
0.064753,-0.273214,0.667153,REACHABLE
0.056192,-0.237094,0.698763,REACHABLE
0.045034,-0.190014,0.704776,REACHABLE
0.034950,-0.147464,0.683211,REACHABLE
0.029257,-0.123445,0.641165,REACHABLE
0.038656,-0.163103,0.636251,REACHABLE
0.035431,-0.149497,0.682959,REACHABLE
0.026818,-0.113154,0.714300,REACHABLE
0.015650,-0.066032,0.719960,REACHABLE
0.005602,-0.023636,0.698078,REACHABLE
-0.000020,0.000085,0.655853,REACHABLE
0.000634,-0.002673,0.607179,REACHABLE
0.009078,-0.038305,0.625737,REACHABLE
0.000413,-0.001741,0.656805,REACHABLE
-0.010765,0.045419,0.662113,REACHABLE
-0.020776,0.087659,0.639914,REACHABLE
-0.026327,0.111081,0.597514,REACHABLE
-0.025591,0.107978,0.548862,REACHABLE
-0.018811,0.079371,0.509966,REACHABLE
-0.014167,0.059777,0.545740,REACHABLE
-0.025353,0.106974,0.550695,REACHABLE
-0.035327,0.149056,0.528182,REACHABLE
-0.040807,0.172177,0.485608,REACHABLE
-0.039990,0.168730,0.436980,REACHABLE
-0.033145,0.139849,0.398299,REACHABLE
-0.022524,0.095036,0.382291,REACHABLE
-0.023246,0.098083,0.423224,REACHABLE
-0.033182,0.140005,0.400397,REACHABLE
-0.038590,0.162824,0.357650,REACHABLE
-0.037691,0.159033,0.309050,REACHABLE
-0.030782,0.129879,0.270586,REACHABLE
-0.020135,0.084954,0.254913,REACHABLE
-0.009253,0.039041,0.267190,REACHABLE
0.022317,-0.094163,0.229708,REACHABLE
0.030239,-0.127587,0.195107,REACHABLE
0.041242,-0.174014,0.185074,REACHABLE
0.051707,-0.218168,0.202910,REACHABLE
0.058190,-0.245521,0.242747,REACHABLE
0.058557,-0.247073,0.291477,REACHABLE
0.052689,-0.222314,0.333068,REACHABLE
0.047259,-0.199402,0.299440,REACHABLE
0.058279,-0.245899,0.289754,REACHABLE
0.068714,-0.289925,0.307920,REACHABLE
0.075129,-0.316996,0.347960,REACHABLE
0.075416,-0.318203,0.396701,REACHABLE
0.069478,-0.293150,0.438105,REACHABLE
0.059270,-0.250080,0.458550,REACHABLE
0.059064,-0.249209,0.417507,REACHABLE
0.069467,-0.293106,0.436001,REACHABLE
0.075816,-0.319892,0.476243,REACHABLE
0.076020,-0.320754,0.524992,REACHABLE
0.070013,-0.295409,0.566207,REACHABLE
0.059772,-0.252196,0.586330,REACHABLE
0.048665,-0.205332,0.578737,REACHABLE
0.053751,-0.226795,0.544114,REACHABLE
0.060032,-0.253296,0.584555,REACHABLE
0.060155,-0.253813,0.633309,REACHABLE
0.054079,-0.228177,0.674334,REACHABLE
0.043804,-0.184823,0.694133,REACHABLE
0.032710,-0.138014,0.686190,REACHABLE
0.024448,-0.103153,0.653121,REACHABLE
0.033113,-0.139715,0.636587,REACHABLE
0.033154,-0.139888,0.685343,REACHABLE
0.027010,-0.113962,0.726176,REACHABLE
0.016701,-0.070469,0.745650,REACHABLE
0.005621,-0.023717,0.737358,REACHABLE
-0.002585,0.010909,0.704028,REACHABLE
-0.005218,0.022018,0.656627,REACHABLE
0.004105,-0.017321,0.663756,REACHABLE
-0.002108,0.008893,0.704394,REACHABLE
-0.012448,0.052523,0.723542,REACHABLE
-0.023514,0.099214,0.714901,REACHABLE
-0.031665,0.133604,0.681314,REACHABLE
-0.034218,0.144377,0.633831,REACHABLE
-0.030334,0.127989,0.588076,REACHABLE
-0.023495,0.099133,0.616464,REACHABLE
-0.033867,0.142898,0.635286,REACHABLE
-0.044919,0.189527,0.626296,REACHABLE
-0.053013,0.223678,0.592453,REACHABLE
-0.055486,0.234115,0.544890,REACHABLE
-0.051526,0.217403,0.499259,REACHABLE
-0.042434,0.179042,0.470572,REACHABLE
-0.040385,0.170396,0.510651,REACHABLE
-0.051421,0.216960,0.501313,REACHABLE
-0.059457,0.250871,0.467215,REACHABLE
-0.061851,0.260971,0.419576,REACHABLE
-0.057814,0.243937,0.374071,REACHABLE
-0.048674,0.205373,0.345671,REACHABLE
-0.037439,0.157969,0.343722,REACHABLE
-0.040871,0.172447,0.381983,REACHABLE
-0.048850,0.206116,0.347632,REACHABLE
-0.051164,0.215878,0.299919,REACHABLE
-0.047051,0.198523,0.254542,REACHABLE
-0.037864,0.159759,0.226432,REACHABLE
-0.026626,0.112342,0.224836,REACHABLE
-0.017034,0.071873,0.250281,REACHABLE
0.015685,-0.066182,0.254151,REACHABLE
0.025582,-0.107940,0.231012,REACHABLE
0.036784,-0.155202,0.235261,REACHABLE
0.045604,-0.192417,0.265502,REACHABLE
0.049140,-0.207339,0.311783,REACHABLE
0.046230,-0.195060,0.358879,REACHABLE
0.037831,-0.159620,0.391292,REACHABLE
0.034885,-0.147193,0.352276,REACHABLE
0.046079,-0.194423,0.356879,REACHABLE
0.054848,-0.231423,0.387397,REACHABLE
0.058307,-0.246018,0.433789,REACHABLE
0.055318,-0.233406,0.480791,REACHABLE
0.046865,-0.197737,0.512938,REACHABLE
0.035728,-0.150747,0.519654,REACHABLE
0.038278,-0.161506,0.480118,REACHABLE
0.046995,-0.198288,0.510912,REACHABLE
0.050376,-0.212555,0.557412,REACHABLE
0.047309,-0.199610,0.604319,REACHABLE
0.038801,-0.163715,0.636199,REACHABLE
0.027653,-0.116678,0.642563,REACHABLE
0.017533,-0.073977,0.621317,REACHABLE
0.024719,-0.104296,0.594587,REACHABLE
0.028022,-0.118232,0.641193,REACHABLE
0.024875,-0.104957,0.688001,REACHABLE
0.016315,-0.068836,0.719612,REACHABLE
0.005156,-0.021756,0.725625,REACHABLE
-0.004928,0.020794,0.704060,REACHABLE
-0.010621,0.044813,0.662014,REACHABLE
-0.001222,0.005154,0.657100,REACHABLE
-0.004446,0.018761,0.703808,REACHABLE
-0.013060,0.055104,0.735148,REACHABLE
-0.024228,0.102225,0.740809,REACHABLE
-0.034276,0.144621,0.718927,REACHABLE
-0.039898,0.168342,0.676702,REACHABLE
-0.039244,0.165584,0.628028,REACHABLE
-0.030799,0.129952,0.646586,REACHABLE
-0.039465,0.166516,0.677654,REACHABLE
-0.050642,0.213677,0.682962,REACHABLE
-0.060653,0.255917,0.660763,REACHABLE
-0.066204,0.279338,0.618363,REACHABLE
-0.065469,0.276235,0.569711,REACHABLE
-0.058689,0.247629,0.530815,REACHABLE
-0.054045,0.228035,0.566589,REACHABLE
-0.065231,0.275231,0.571544,REACHABLE
-0.075205,0.317313,0.549031,REACHABLE
-0.080684,0.340434,0.506456,REACHABLE
-0.079867,0.336987,0.457829,REACHABLE
-0.073022,0.308106,0.419148,REACHABLE
-0.062402,0.263294,0.403140,REACHABLE
-0.063124,0.266341,0.444073,REACHABLE
-0.073059,0.308262,0.421246,REACHABLE
-0.078468,0.331081,0.378499,REACHABLE
-0.077569,0.327290,0.329899,REACHABLE
-0.070660,0.298136,0.291434,REACHABLE
-0.060012,0.253212,0.275762,REACHABLE
-0.049131,0.207298,0.288038,REACHABLE
-0.054975,0.231960,0.320333,REACHABLE
-0.060312,0.254476,0.277417,REACHABLE
-0.059332,0.250341,0.228846,REACHABLE
-0.052358,0.220916,0.190601,REACHABLE
-0.041685,0.175881,0.175265,REACHABLE
-0.030824,0.130055,0.187884,REACHABLE
-0.023349,0.098516,0.224306,REACHABLE
0.015629,-0.024532,0.019724,REACHABLE
-0.009467,0.014861,0.005741,REACHABLE
0.288912,-0.453501,0.013276,REACHABLE
0.269216,-0.422585,0.045423,REACHABLE
0.243269,-0.381856,0.052139,REACHABLE
0.249210,-0.391182,0.012603,REACHABLE
0.269521,-0.423063,0.043397,REACHABLE
0.277399,-0.435428,0.089897,REACHABLE
0.270251,-0.424209,0.136803,REACHABLE
0.250430,-0.393096,0.168683,REACHABLE
0.224457,-0.352327,0.175047,REACHABLE
0.200878,-0.315316,0.153802,REACHABLE
0.217620,-0.341594,0.127072,REACHABLE
0.225315,-0.353674,0.173677,REACHABLE
0.217985,-0.342167,0.220486,REACHABLE
0.198040,-0.310860,0.252097,REACHABLE
0.172043,-0.270053,0.258109,REACHABLE
0.148547,-0.233173,0.236545,REACHABLE
0.135284,-0.212354,0.194499,REACHABLE
0.157183,-0.246728,0.189585,REACHABLE
0.149670,-0.234935,0.236293,REACHABLE
0.129602,-0.203434,0.267633,REACHABLE
0.103582,-0.162591,0.273293,REACHABLE
0.080172,-0.125845,0.251412,REACHABLE
0.067073,-0.105284,0.209187,REACHABLE
0.068597,-0.107675,0.160513,REACHABLE
0.034495,-0.054147,0.033563,REACHABLE
0.012660,-0.019873,0.006622,REACHABLE
0.309603,-0.485980,0.005531,REACHABLE
0.295769,-0.464265,0.046935,REACHABLE
0.271987,-0.426934,0.067379,REACHABLE
0.271506,-0.426179,0.026337,REACHABLE
0.295745,-0.464226,0.044831,REACHABLE
0.310536,-0.487444,0.085073,REACHABLE
0.311012,-0.488191,0.133821,REACHABLE
0.297017,-0.466223,0.175037,REACHABLE
0.273155,-0.428768,0.195159,REACHABLE
0.247278,-0.388148,0.187567,REACHABLE
0.259129,-0.406751,0.152944,REACHABLE
0.273763,-0.429721,0.193385,REACHABLE
0.274048,-0.430170,0.242138,REACHABLE
0.259892,-0.407949,0.283164,REACHABLE
0.235953,-0.370372,0.302962,REACHABLE
0.210106,-0.329800,0.295020,REACHABLE
0.190856,-0.299584,0.261950,REACHABLE
0.211045,-0.331275,0.245417,REACHABLE
0.211140,-0.331424,0.294173,REACHABLE
0.196825,-0.308953,0.335005,REACHABLE
0.172808,-0.271255,0.354480,REACHABLE
0.146993,-0.230733,0.346188,REACHABLE
0.127873,-0.200720,0.312858,REACHABLE
0.121739,-0.191092,0.265457,REACHABLE
0.143461,-0.225189,0.272586,REACHABLE
0.128986,-0.202468,0.313224,REACHABLE
0.104894,-0.164651,0.332372,REACHABLE
0.079112,-0.124181,0.323731,REACHABLE
0.060123,-0.094374,0.290144,REACHABLE
0.054174,-0.085036,0.242661,REACHABLE
0.063223,-0.099241,0.196905,REACHABLE
0.050391,-0.079098,0.056998,REACHABLE
0.033698,-0.052895,0.019421,REACHABLE
0.303631,-0.476606,0.009797,REACHABLE
0.296851,-0.465963,0.056892,REACHABLE
0.277281,-0.435244,0.089305,REACHABLE
0.270419,-0.424473,0.050290,REACHABLE
0.296499,-0.465411,0.054892,REACHABLE
0.316930,-0.497480,0.085410,REACHABLE
0.324989,-0.510130,0.131802,REACHABLE
0.318025,-0.499199,0.178804,REACHABLE
0.298329,-0.468283,0.210952,REACHABLE
0.272382,-0.427554,0.217667,REACHABLE
0.278323,-0.436879,0.178132,REACHABLE
0.298633,-0.468761,0.208925,REACHABLE
0.306511,-0.481126,0.255425,REACHABLE
0.299363,-0.469907,0.302332,REACHABLE
0.279543,-0.438794,0.334212,REACHABLE
0.253570,-0.398025,0.340576,REACHABLE
0.229991,-0.361013,0.319330,REACHABLE
0.246732,-0.387292,0.292601,REACHABLE
0.254428,-0.399372,0.339206,REACHABLE
0.247097,-0.387865,0.386015,REACHABLE
0.227152,-0.356558,0.417626,REACHABLE
0.201155,-0.315751,0.423638,REACHABLE
0.177660,-0.278870,0.402073,REACHABLE
0.164397,-0.258051,0.360027,REACHABLE
0.186296,-0.292426,0.355113,REACHABLE
0.178782,-0.280632,0.401822,REACHABLE
0.158714,-0.249132,0.433162,REACHABLE
0.132695,-0.208289,0.438822,REACHABLE
0.109284,-0.171542,0.416940,REACHABLE
0.096186,-0.150982,0.374716,REACHABLE
0.097709,-0.153373,0.326042,REACHABLE
0.117384,-0.184256,0.344599,REACHABLE
0.097194,-0.152564,0.375667,REACHABLE
0.071153,-0.111688,0.380975,REACHABLE
0.047829,-0.075076,0.358777,REACHABLE
0.034896,-0.054775,0.316376,REACHABLE
0.036609,-0.057465,0.267724,REACHABLE
0.052405,-0.082260,0.228828,REACHABLE
0.061947,-0.097237,0.088011,REACHABLE
0.051834,-0.081362,0.043034,REACHABLE
0.140334,-0.220281,0.005889,REACHABLE
0.118800,-0.186478,0.014775,REACHABLE
0.208491,-0.327265,0.027546,REACHABLE
0.187933,-0.294996,0.012667,REACHABLE
0.271511,-0.426187,0.025706,REACHABLE
0.272368,-0.427532,0.074436,REACHABLE
0.258696,-0.406072,0.116027,REACHABLE
0.246045,-0.386213,0.082399,REACHABLE
0.271720,-0.426514,0.072713,REACHABLE
0.296030,-0.464674,0.090879,REACHABLE
0.310978,-0.488138,0.130919,REACHABLE
0.311645,-0.489184,0.179660,REACHABLE
0.297811,-0.467470,0.221064,REACHABLE
0.274028,-0.430138,0.241509,REACHABLE
0.273547,-0.429383,0.200466,REACHABLE
0.297786,-0.467431,0.218961,REACHABLE
0.312577,-0.490648,0.259202,REACHABLE
0.313053,-0.491396,0.307951,REACHABLE
0.299058,-0.469428,0.349167,REACHABLE
0.275197,-0.431972,0.369289,REACHABLE
0.249319,-0.391353,0.361697,REACHABLE
0.261171,-0.409956,0.327073,REACHABLE
0.275804,-0.432926,0.367514,REACHABLE
0.276090,-0.433374,0.416268,REACHABLE
0.261934,-0.411154,0.457293,REACHABLE
0.237994,-0.373576,0.477092,REACHABLE
0.212147,-0.333004,0.469150,REACHABLE
0.192897,-0.302788,0.436080,REACHABLE
0.213087,-0.334479,0.419546,REACHABLE
0.213182,-0.334629,0.468302,REACHABLE
0.198866,-0.312157,0.509135,REACHABLE
0.174850,-0.274459,0.528609,REACHABLE
0.149034,-0.233937,0.520317,REACHABLE
0.129914,-0.203925,0.486988,REACHABLE
0.123780,-0.194296,0.439586,REACHABLE
0.145503,-0.228393,0.446715,REACHABLE
0.131028,-0.205672,0.487353,REACHABLE
0.106936,-0.167855,0.506501,REACHABLE
0.081154,-0.127386,0.497860,REACHABLE
0.062164,-0.097578,0.464273,REACHABLE
0.056215,-0.088241,0.416790,REACHABLE
0.065265,-0.102445,0.371035,REACHABLE
0.081198,-0.127456,0.399423,REACHABLE
0.057032,-0.089522,0.418245,REACHABLE
0.031284,-0.049107,0.409255,REACHABLE
0.012427,-0.019506,0.375412,REACHABLE
0.006664,-0.010460,0.327850,REACHABLE
0.015892,-0.024945,0.282218,REACHABLE
0.037074,-0.058195,0.253531,REACHABLE
0.068168,-0.107002,0.123933,REACHABLE
0.065505,-0.102823,0.075429,REACHABLE
0.077602,-0.121810,0.032181,REACHABLE
0.100477,-0.157717,0.008420,REACHABLE
0.126604,-0.198729,0.011962,REACHABLE
0.147388,-0.231353,0.041643,REACHABLE
0.155989,-0.244853,0.087697,REACHABLE
0.133996,-0.210331,0.084565,REACHABLE
0.146261,-0.229583,0.041483,REACHABLE
0.169228,-0.265635,0.018031,REACHABLE
0.195341,-0.306624,0.021927,REACHABLE
0.216008,-0.339065,0.051889,REACHABLE
0.224429,-0.352283,0.098058,REACHABLE
0.217833,-0.341929,0.145244,REACHABLE
0.200481,-0.314692,0.119899,REACHABLE
0.223539,-0.350887,0.096759,REACHABLE
0.249637,-0.391851,0.101009,REACHABLE
0.270186,-0.424107,0.131249,REACHABLE
0.278426,-0.437041,0.177531,REACHABLE
0.271646,-0.426398,0.224626,REACHABLE
0.252076,-0.395680,0.257039,REACHABLE
0.245214,-0.384909,0.218024,REACHABLE
0.271294,-0.425846,0.222626,REACHABLE
0.291725,-0.457916,0.253144,REACHABLE
0.299784,-0.470566,0.299536,REACHABLE
0.292819,-0.459634,0.346539,REACHABLE
0.273124,-0.428718,0.378686,REACHABLE
0.247176,-0.387989,0.385401,REACHABLE
0.253117,-0.397315,0.345866,REACHABLE
0.273428,-0.429196,0.376660,REACHABLE
0.281306,-0.441561,0.423160,REACHABLE
0.274158,-0.430342,0.470066,REACHABLE
0.254337,-0.399229,0.501946,REACHABLE
0.228364,-0.358460,0.508310,REACHABLE
0.204786,-0.321449,0.487064,REACHABLE
0.221527,-0.347727,0.460335,REACHABLE
0.229222,-0.359807,0.506940,REACHABLE
0.221892,-0.348300,0.553749,REACHABLE
0.201947,-0.316993,0.585360,REACHABLE
0.175950,-0.276186,0.591372,REACHABLE
0.152455,-0.239306,0.569808,REACHABLE
0.139192,-0.218487,0.527762,REACHABLE
0.161090,-0.252861,0.522848,REACHABLE
0.153577,-0.241068,0.569556,REACHABLE
0.133509,-0.209567,0.600896,REACHABLE
0.107489,-0.168724,0.606556,REACHABLE
0.084079,-0.131978,0.584674,REACHABLE
0.070981,-0.111417,0.542450,REACHABLE
0.072504,-0.113808,0.493776,REACHABLE
0.092179,-0.144692,0.512333,REACHABLE
0.071989,-0.113000,0.543401,REACHABLE
0.045948,-0.072124,0.548709,REACHABLE
0.022624,-0.035512,0.526511,REACHABLE
0.009690,-0.015211,0.484110,REACHABLE
0.011404,-0.017900,0.435458,REACHABLE
0.027200,-0.042695,0.396562,REACHABLE
0.038020,-0.059679,0.432336,REACHABLE
0.011958,-0.018771,0.437292,REACHABLE
-0.011279,0.017704,0.414778,REACHABLE
-0.024046,0.037744,0.372204,REACHABLE
-0.022142,0.034756,0.323576,REACHABLE
-0.006195,0.009724,0.284895,REACHABLE
0.018550,-0.029118,0.268887,REACHABLE
0.068518,-0.107552,0.161669,REACHABLE
0.073536,-0.115428,0.113815,REACHABLE
0.091856,-0.144186,0.078965,REACHABLE
0.117453,-0.184364,0.068585,REACHABLE
0.141903,-0.222743,0.086091,REACHABLE
0.157162,-0.246695,0.125722,REACHABLE
0.158209,-0.248339,0.174440,REACHABLE
0.137652,-0.216070,0.159561,REACHABLE
0.156108,-0.245041,0.124960,REACHABLE
0.181744,-0.285282,0.114927,REACHABLE
0.206125,-0.323552,0.132763,REACHABLE
0.221229,-0.347260,0.172600,REACHABLE
0.222086,-0.348606,0.221331,REACHABLE
0.208415,-0.327146,0.262921,REACHABLE
0.195763,-0.307287,0.229293,REACHABLE
0.221438,-0.347588,0.219607,REACHABLE
0.245749,-0.385748,0.237773,REACHABLE
0.260696,-0.409211,0.277813,REACHABLE
0.261363,-0.410258,0.326554,REACHABLE
0.247529,-0.388543,0.367958,REACHABLE
0.223747,-0.351212,0.388403,REACHABLE
0.223266,-0.350457,0.347360,REACHABLE
0.247505,-0.388505,0.365855,REACHABLE
0.262296,-0.411722,0.406096,REACHABLE
0.262772,-0.412469,0.454845,REACHABLE
0.248777,-0.390501,0.496061,REACHABLE
0.224915,-0.353046,0.516183,REACHABLE
0.199038,-0.312427,0.508591,REACHABLE
0.210889,-0.331030,0.473967,REACHABLE
0.225522,-0.353999,0.514408,REACHABLE
0.225808,-0.354448,0.563162,REACHABLE
0.211652,-0.332228,0.604187,REACHABLE
0.187713,-0.294650,0.623986,REACHABLE
0.161866,-0.254078,0.616044,REACHABLE
0.142616,-0.223862,0.582974,REACHABLE
0.162805,-0.255553,0.566440,REACHABLE
0.162900,-0.255702,0.615196,REACHABLE
0.148585,-0.233231,0.656029,REACHABLE
0.124568,-0.195533,0.675503,REACHABLE
0.098753,-0.155011,0.667211,REACHABLE
0.079633,-0.124998,0.633882,REACHABLE
0.073499,-0.115370,0.586481,REACHABLE
0.095221,-0.149467,0.593609,REACHABLE
0.080746,-0.126746,0.634247,REACHABLE
0.056654,-0.088929,0.653396,REACHABLE
0.030872,-0.048459,0.644755,REACHABLE
0.011883,-0.018652,0.611167,REACHABLE
0.005934,-0.009314,0.563684,REACHABLE
0.014983,-0.023519,0.517929,REACHABLE
0.030917,-0.048530,0.546317,REACHABLE
0.006751,-0.010596,0.565139,REACHABLE
-0.018997,0.029820,0.556150,REACHABLE
-0.037855,0.059420,0.522306,REACHABLE
-0.043618,0.068466,0.474744,REACHABLE
-0.034390,0.053981,0.429112,REACHABLE
-0.013207,0.020732,0.400425,REACHABLE
-0.008433,0.013238,0.440504,REACHABLE
-0.034145,0.053597,0.431166,REACHABLE
-0.052870,0.082990,0.397068,REACHABLE
-0.058447,0.091744,0.349430,REACHABLE
-0.049041,0.076980,0.303924,REACHABLE
-0.027747,0.043555,0.275525,REACHABLE
-0.001571,0.002467,0.273575,REACHABLE
0.062968,-0.098840,0.197969,REACHABLE
0.075233,-0.118092,0.154886,REACHABLE
0.098201,-0.154144,0.131435,REACHABLE
0.124314,-0.195133,0.135331,REACHABLE
0.144981,-0.227574,0.165293,REACHABLE
0.153401,-0.240792,0.211462,REACHABLE
0.146805,-0.230438,0.258647,REACHABLE
0.129453,-0.203201,0.233303,REACHABLE
0.152512,-0.239396,0.210163,REACHABLE
0.178609,-0.280360,0.214412,REACHABLE
0.199158,-0.312616,0.244653,REACHABLE
0.207398,-0.325550,0.290934,REACHABLE
0.200618,-0.314908,0.338030,REACHABLE
0.181048,-0.284189,0.370443,REACHABLE
0.174187,-0.273418,0.331427,REACHABLE
0.200267,-0.314355,0.336030,REACHABLE
0.220697,-0.346425,0.366548,REACHABLE
0.228756,-0.359075,0.412940,REACHABLE
0.221792,-0.348144,0.459942,REACHABLE
0.202096,-0.317227,0.492090,REACHABLE
0.176149,-0.276498,0.498805,REACHABLE
0.182090,-0.285824,0.459270,REACHABLE
0.202401,-0.317705,0.490063,REACHABLE
0.210278,-0.330071,0.536563,REACHABLE
0.203131,-0.318851,0.583470,REACHABLE
0.183310,-0.287739,0.615350,REACHABLE
0.157337,-0.246970,0.621714,REACHABLE
0.133758,-0.209958,0.600468,REACHABLE
0.150499,-0.236237,0.573738,REACHABLE
0.158195,-0.248316,0.620344,REACHABLE
0.150864,-0.236810,0.667153,REACHABLE
0.130919,-0.205502,0.698763,REACHABLE
0.104922,-0.164695,0.704776,REACHABLE
0.081427,-0.127815,0.683211,REACHABLE
0.068164,-0.106996,0.641165,REACHABLE
0.090063,-0.141370,0.636251,REACHABLE
0.082550,-0.129577,0.682959,REACHABLE
0.062482,-0.098076,0.714300,REACHABLE
0.036462,-0.057234,0.719960,REACHABLE
0.013051,-0.020487,0.698078,REACHABLE
-0.000047,0.000074,0.655853,REACHABLE
0.001476,-0.002317,0.607179,REACHABLE
0.021151,-0.033201,0.625737,REACHABLE
0.000961,-0.001509,0.656805,REACHABLE
-0.025080,0.039367,0.662113,REACHABLE
-0.048404,0.075979,0.639914,REACHABLE
-0.061337,0.096280,0.597514,REACHABLE
-0.059624,0.093590,0.548862,REACHABLE
-0.043828,0.068796,0.509966,REACHABLE
-0.033008,0.051812,0.545740,REACHABLE
-0.059069,0.092720,0.550695,REACHABLE
-0.082306,0.129195,0.528182,REACHABLE
-0.095073,0.149235,0.485608,REACHABLE
-0.093170,0.146247,0.436980,REACHABLE
-0.077222,0.121214,0.398299,REACHABLE
-0.052477,0.082373,0.382291,REACHABLE
-0.054160,0.085014,0.423224,REACHABLE
-0.077308,0.121350,0.400397,REACHABLE
-0.089909,0.141128,0.357650,REACHABLE
-0.087815,0.137843,0.309050,REACHABLE
-0.071717,0.112573,0.270586,REACHABLE
-0.046910,0.073635,0.254913,REACHABLE
-0.021558,0.033839,0.267190,REACHABLE
0.051995,-0.081616,0.229708,REACHABLE
0.070452,-0.110587,0.195107,REACHABLE
0.096088,-0.150828,0.185074,REACHABLE
0.120469,-0.189098,0.202910,REACHABLE
0.135573,-0.212807,0.242747,REACHABLE
0.136430,-0.214152,0.291477,REACHABLE
0.122758,-0.192692,0.333068,REACHABLE
0.110107,-0.172833,0.299440,REACHABLE
0.135781,-0.213134,0.289754,REACHABLE
0.160092,-0.251294,0.307920,REACHABLE
0.175040,-0.274758,0.347960,REACHABLE
0.175707,-0.275804,0.396701,REACHABLE
0.161873,-0.254089,0.438105,REACHABLE
0.138090,-0.216758,0.458550,REACHABLE
0.137609,-0.216003,0.417507,REACHABLE
0.161848,-0.254051,0.436001,REACHABLE
0.176639,-0.277268,0.476243,REACHABLE
0.177115,-0.278015,0.524992,REACHABLE
0.163120,-0.256047,0.566207,REACHABLE
0.139258,-0.218592,0.586330,REACHABLE
0.113381,-0.177973,0.578737,REACHABLE
0.125233,-0.196576,0.544114,REACHABLE
0.139866,-0.219545,0.584555,REACHABLE
0.140152,-0.219994,0.633309,REACHABLE
0.125996,-0.197774,0.674334,REACHABLE
0.102056,-0.160196,0.694133,REACHABLE
0.076209,-0.119624,0.686190,REACHABLE
0.056959,-0.089408,0.653121,REACHABLE
0.077149,-0.121099,0.636587,REACHABLE
0.077244,-0.121249,0.685343,REACHABLE
0.062928,-0.098777,0.726176,REACHABLE
0.038912,-0.061079,0.745650,REACHABLE
0.013096,-0.020557,0.737358,REACHABLE
-0.006024,0.009455,0.704028,REACHABLE
-0.012158,0.019084,0.656627,REACHABLE
0.009564,-0.015013,0.663756,REACHABLE
-0.004910,0.007708,0.704394,REACHABLE
-0.029002,0.045525,0.723542,REACHABLE
-0.054785,0.085995,0.714901,REACHABLE
-0.073774,0.115802,0.681314,REACHABLE
-0.079723,0.125140,0.633831,REACHABLE
-0.070673,0.110935,0.588076,REACHABLE
-0.054740,0.085924,0.616464,REACHABLE
-0.078906,0.123858,0.635286,REACHABLE
-0.104654,0.164273,0.626296,REACHABLE
-0.123511,0.193874,0.592453,REACHABLE
-0.129274,0.202920,0.544890,REACHABLE
-0.120047,0.188435,0.499259,REACHABLE
-0.098864,0.155186,0.470572,REACHABLE
-0.094090,0.147692,0.510651,REACHABLE
-0.119802,0.188051,0.501313,REACHABLE
-0.138527,0.217444,0.467215,REACHABLE
-0.144104,0.226198,0.419576,REACHABLE
-0.134698,0.211433,0.374071,REACHABLE
-0.113404,0.178008,0.345671,REACHABLE
-0.087228,0.136920,0.343722,REACHABLE
-0.095222,0.149469,0.381983,REACHABLE
-0.113814,0.178652,0.347632,REACHABLE
-0.119204,0.187113,0.299919,REACHABLE
-0.109621,0.172070,0.254542,REACHABLE
-0.088216,0.138472,0.226432,REACHABLE
-0.062034,0.097373,0.224836,REACHABLE
-0.039687,0.062296,0.250281,REACHABLE
0.036544,-0.057363,0.254151,REACHABLE
0.059603,-0.093558,0.231012,REACHABLE
0.085700,-0.134522,0.235261,REACHABLE
0.106249,-0.166778,0.265502,REACHABLE
0.114489,-0.179712,0.311783,REACHABLE
0.107709,-0.169070,0.358879,REACHABLE
0.088139,-0.138351,0.391292,REACHABLE
0.081278,-0.127580,0.352276,REACHABLE
0.107357,-0.168517,0.356879,REACHABLE
0.127788,-0.200587,0.387397,REACHABLE
0.135847,-0.213237,0.433789,REACHABLE
0.128883,-0.202306,0.480791,REACHABLE
0.109187,-0.171389,0.512938,REACHABLE
0.083240,-0.130660,0.519654,REACHABLE
0.089181,-0.139986,0.480118,REACHABLE
0.109492,-0.171867,0.510912,REACHABLE
0.117369,-0.184233,0.557412,REACHABLE
0.110222,-0.173013,0.604319,REACHABLE
0.090401,-0.141901,0.636199,REACHABLE
0.064428,-0.101132,0.642563,REACHABLE
0.040849,-0.064120,0.621317,REACHABLE
0.057590,-0.090399,0.594587,REACHABLE
0.065286,-0.102478,0.641193,REACHABLE
0.057955,-0.090972,0.688001,REACHABLE
0.038010,-0.059664,0.719612,REACHABLE
0.012013,-0.018857,0.725625,REACHABLE
-0.011482,0.018023,0.704060,REACHABLE
-0.024745,0.038842,0.662014,REACHABLE
-0.002846,0.004467,0.657100,REACHABLE
-0.010359,0.016261,0.703808,REACHABLE
-0.030427,0.047761,0.735148,REACHABLE
-0.056447,0.088604,0.740809,REACHABLE
-0.079858,0.125351,0.718927,REACHABLE
-0.092956,0.145912,0.676702,REACHABLE
-0.091433,0.143521,0.628028,REACHABLE
-0.071758,0.112637,0.646586,REACHABLE
-0.091948,0.144329,0.677654,REACHABLE
-0.117989,0.185205,0.682962,REACHABLE
-0.141313,0.221817,0.660763,REACHABLE
-0.154246,0.242118,0.618363,REACHABLE
-0.152533,0.239428,0.569711,REACHABLE
-0.136737,0.214634,0.530815,REACHABLE
-0.125917,0.197650,0.566589,REACHABLE
-0.151978,0.238558,0.571544,REACHABLE
-0.175215,0.275033,0.549031,REACHABLE
-0.187982,0.295073,0.506456,REACHABLE
-0.186079,0.292085,0.457829,REACHABLE
-0.170131,0.267052,0.419148,REACHABLE
-0.145386,0.228211,0.403140,REACHABLE
-0.147069,0.230852,0.444073,REACHABLE
-0.170217,0.267188,0.421246,REACHABLE
-0.182818,0.286966,0.378499,REACHABLE
-0.180724,0.283680,0.329899,REACHABLE
-0.164626,0.258411,0.291434,REACHABLE
-0.139819,0.219473,0.275762,REACHABLE
-0.114467,0.179676,0.288038,REACHABLE
-0.128084,0.201052,0.320333,REACHABLE
-0.140517,0.220568,0.277417,REACHABLE
-0.138234,0.216984,0.228846,REACHABLE
-0.121986,0.191480,0.190601,REACHABLE
-0.097119,0.152446,0.175265,REACHABLE
-0.071815,0.112726,0.187884,REACHABLE
-0.054399,0.085389,0.224306,REACHABLE
0.022817,-0.018041,0.019724,REACHABLE
-0.013822,0.010929,0.005741,REACHABLE
0.421790,-0.333508,0.013276,REACHABLE
0.393035,-0.310772,0.045423,REACHABLE
0.355154,-0.280820,0.052139,REACHABLE
0.363828,-0.287678,0.012603,REACHABLE
0.393480,-0.311123,0.043397,REACHABLE
0.404980,-0.320217,0.089897,REACHABLE
0.394545,-0.311966,0.136803,REACHABLE
0.365608,-0.289086,0.168683,REACHABLE
0.327690,-0.259104,0.175047,REACHABLE
0.293267,-0.231885,0.153802,REACHABLE
0.317708,-0.251211,0.127072,REACHABLE
0.328943,-0.260094,0.173677,REACHABLE
0.318241,-0.251632,0.220486,REACHABLE
0.289123,-0.228608,0.252097,REACHABLE
0.251169,-0.198599,0.258109,REACHABLE
0.216868,-0.171477,0.236545,REACHABLE
0.197505,-0.156166,0.194499,REACHABLE
0.229475,-0.181446,0.189585,REACHABLE
0.218506,-0.172772,0.236293,REACHABLE
0.189209,-0.149607,0.267633,REACHABLE
0.151222,-0.119571,0.273293,REACHABLE
0.117045,-0.092547,0.251412,REACHABLE
0.097922,-0.077427,0.209187,REACHABLE
0.100146,-0.079185,0.160513,REACHABLE
0.050360,-0.039820,0.033563,REACHABLE
0.018483,-0.014615,0.006622,REACHABLE
0.451997,-0.357393,0.005531,REACHABLE
0.431800,-0.341424,0.046935,REACHABLE
0.397080,-0.313970,0.067379,REACHABLE
0.396377,-0.313415,0.026337,REACHABLE
0.431764,-0.341395,0.044831,REACHABLE
0.453358,-0.358469,0.085073,REACHABLE
0.454053,-0.359019,0.133821,REACHABLE
0.433622,-0.342863,0.175037,REACHABLE
0.398785,-0.315318,0.195159,REACHABLE
0.361006,-0.285447,0.187567,REACHABLE
0.378308,-0.299128,0.152944,REACHABLE
0.399672,-0.316020,0.193385,REACHABLE
0.400089,-0.316350,0.242138,REACHABLE
0.379423,-0.300009,0.283164,REACHABLE
0.344473,-0.272374,0.302962,REACHABLE
0.306738,-0.242537,0.295020,REACHABLE
0.278635,-0.220316,0.261950,REACHABLE
0.308110,-0.243622,0.245417,REACHABLE
0.308249,-0.243731,0.294173,REACHABLE
0.287349,-0.227206,0.335005,REACHABLE
0.252287,-0.199482,0.354480,REACHABLE
0.214598,-0.169682,0.346188,REACHABLE
0.186684,-0.147611,0.312858,REACHABLE
0.177729,-0.140530,0.265457,REACHABLE
0.209442,-0.165605,0.272586,REACHABLE
0.188310,-0.148896,0.313224,REACHABLE
0.153137,-0.121085,0.332372,REACHABLE
0.115497,-0.091324,0.323731,REACHABLE
0.087774,-0.069403,0.290144,REACHABLE
0.079090,-0.062536,0.242661,REACHABLE
0.092301,-0.072982,0.196905,REACHABLE
0.073566,-0.058169,0.056998,REACHABLE
0.049197,-0.038900,0.019421,REACHABLE
0.443278,-0.350499,0.009797,REACHABLE
0.433379,-0.342672,0.056892,REACHABLE
0.404809,-0.320082,0.089305,REACHABLE
0.394791,-0.312161,0.050290,REACHABLE
0.432866,-0.342266,0.054892,REACHABLE
0.462693,-0.365850,0.085410,REACHABLE
0.474459,-0.375153,0.131802,REACHABLE
0.464292,-0.367114,0.178804,REACHABLE
0.435537,-0.344378,0.210952,REACHABLE
0.397656,-0.314426,0.217667,REACHABLE
0.406330,-0.321284,0.178132,REACHABLE
0.435982,-0.344730,0.208925,REACHABLE
0.447482,-0.353823,0.255425,REACHABLE
0.437047,-0.345572,0.302332,REACHABLE
0.408110,-0.322692,0.334212,REACHABLE
0.370192,-0.292710,0.340576,REACHABLE
0.335769,-0.265492,0.319330,REACHABLE
0.360210,-0.284817,0.292601,REACHABLE
0.371445,-0.293701,0.339206,REACHABLE
0.360743,-0.285238,0.386015,REACHABLE
0.331625,-0.262215,0.417626,REACHABLE
0.293671,-0.232205,0.423638,REACHABLE
0.259370,-0.205083,0.402073,REACHABLE
0.240007,-0.189773,0.360027,REACHABLE
0.271977,-0.215052,0.355113,REACHABLE
0.261008,-0.206379,0.401822,REACHABLE
0.231711,-0.183213,0.433162,REACHABLE
0.193724,-0.153177,0.438822,REACHABLE
0.159547,-0.126153,0.416940,REACHABLE
0.140424,-0.111033,0.374716,REACHABLE
0.142648,-0.112791,0.326042,REACHABLE
0.171372,-0.135503,0.344599,REACHABLE
0.141896,-0.112197,0.375667,REACHABLE
0.103878,-0.082136,0.380975,REACHABLE
0.069826,-0.055212,0.358777,REACHABLE
0.050945,-0.040282,0.316376,REACHABLE
0.053446,-0.042260,0.267724,REACHABLE
0.076508,-0.060494,0.228828,REACHABLE
0.090437,-0.071508,0.088011,REACHABLE
0.075673,-0.059834,0.043034,REACHABLE
0.204877,-0.161996,0.005889,REACHABLE
0.173438,-0.137137,0.014775,REACHABLE
0.304381,-0.240673,0.027546,REACHABLE
0.274368,-0.216942,0.012667,REACHABLE
0.396385,-0.313420,0.025706,REACHABLE
0.397636,-0.314410,0.074436,REACHABLE
0.377677,-0.298628,0.116027,REACHABLE
0.359206,-0.284023,0.082399,REACHABLE
0.396689,-0.313661,0.072713,REACHABLE
0.432181,-0.341724,0.090879,REACHABLE
0.454004,-0.358980,0.130919,REACHABLE
0.454977,-0.359749,0.179660,REACHABLE
0.434781,-0.343780,0.221064,REACHABLE
0.400060,-0.316327,0.241509,REACHABLE
0.399358,-0.315771,0.200466,REACHABLE
0.434745,-0.343752,0.218961,REACHABLE
0.456338,-0.360826,0.259202,REACHABLE
0.457034,-0.361375,0.307951,REACHABLE
0.436602,-0.345220,0.349167,REACHABLE
0.401766,-0.317675,0.369289,REACHABLE
0.363987,-0.287803,0.361697,REACHABLE
0.381289,-0.301484,0.327073,REACHABLE
0.402652,-0.318376,0.367514,REACHABLE
0.403070,-0.318706,0.416268,REACHABLE
0.382403,-0.302365,0.457293,REACHABLE
0.347453,-0.274730,0.477092,REACHABLE
0.309718,-0.244894,0.469150,REACHABLE
0.281615,-0.222672,0.436080,REACHABLE
0.311090,-0.245978,0.419546,REACHABLE
0.311229,-0.246088,0.468302,REACHABLE
0.290329,-0.229563,0.509135,REACHABLE
0.255267,-0.201839,0.528609,REACHABLE
0.217579,-0.172039,0.520317,REACHABLE
0.189665,-0.149967,0.486988,REACHABLE
0.180710,-0.142887,0.439586,REACHABLE
0.212422,-0.167962,0.446715,REACHABLE
0.191290,-0.151253,0.487353,REACHABLE
0.156118,-0.123442,0.506501,REACHABLE
0.118478,-0.093680,0.497860,REACHABLE
0.090755,-0.071760,0.464273,REACHABLE
0.082070,-0.064893,0.416790,REACHABLE
0.095281,-0.075339,0.371035,REACHABLE
0.118543,-0.093732,0.399423,REACHABLE
0.083262,-0.065835,0.418245,REACHABLE
0.045673,-0.036113,0.409255,REACHABLE
0.018142,-0.014345,0.375412,REACHABLE
0.009728,-0.007692,0.327850,REACHABLE
0.023200,-0.018344,0.282218,REACHABLE
0.054125,-0.042797,0.253531,REACHABLE
0.099520,-0.078690,0.123933,REACHABLE
0.095632,-0.075616,0.075429,REACHABLE
0.113292,-0.089580,0.032181,REACHABLE
0.146688,-0.115986,0.008420,REACHABLE
0.184833,-0.146147,0.011962,REACHABLE
0.215175,-0.170138,0.041643,REACHABLE
0.227731,-0.180067,0.087697,REACHABLE
0.195623,-0.154679,0.084565,REACHABLE
0.213529,-0.168837,0.041483,REACHABLE
0.247060,-0.195350,0.018031,REACHABLE
0.285183,-0.225493,0.021927,REACHABLE
0.315355,-0.249350,0.051889,REACHABLE
0.327649,-0.259071,0.098058,REACHABLE
0.318019,-0.251457,0.145244,REACHABLE
0.292687,-0.231426,0.119899,REACHABLE
0.326350,-0.258044,0.096759,REACHABLE
0.364450,-0.288170,0.101009,REACHABLE
0.394450,-0.311891,0.131249,REACHABLE
0.406480,-0.321403,0.177531,REACHABLE
0.396582,-0.313576,0.224626,REACHABLE
0.368011,-0.290986,0.257039,REACHABLE
0.357994,-0.283065,0.218024,REACHABLE
0.396068,-0.313170,0.222626,REACHABLE
0.425895,-0.336754,0.253144,REACHABLE
0.437661,-0.346057,0.299536,REACHABLE
0.427494,-0.338018,0.346539,REACHABLE
0.398739,-0.315282,0.378686,REACHABLE
0.360858,-0.285330,0.385401,REACHABLE
0.369532,-0.292188,0.345866,REACHABLE
0.399184,-0.315634,0.376660,REACHABLE
0.410684,-0.324727,0.423160,REACHABLE
0.400250,-0.316476,0.470066,REACHABLE
0.371312,-0.293596,0.501946,REACHABLE
0.333394,-0.263614,0.508310,REACHABLE
0.298971,-0.236396,0.487064,REACHABLE
0.323412,-0.255721,0.460335,REACHABLE
0.334647,-0.264605,0.506940,REACHABLE
0.323945,-0.256142,0.553749,REACHABLE
0.294827,-0.233119,0.585360,REACHABLE
0.256873,-0.203109,0.591372,REACHABLE
0.222572,-0.175987,0.569808,REACHABLE
0.203209,-0.160677,0.527762,REACHABLE
0.235179,-0.185956,0.522848,REACHABLE
0.224211,-0.177283,0.569556,REACHABLE
0.194913,-0.154117,0.600896,REACHABLE
0.156926,-0.124081,0.606556,REACHABLE
0.122749,-0.097057,0.584674,REACHABLE
0.103626,-0.081937,0.542450,REACHABLE
0.105850,-0.083695,0.493776,REACHABLE
0.134574,-0.106407,0.512333,REACHABLE
0.105098,-0.083101,0.543401,REACHABLE
0.067080,-0.053040,0.548709,REACHABLE
0.033029,-0.026116,0.526511,REACHABLE
0.014147,-0.011186,0.484110,REACHABLE
0.016649,-0.013164,0.435458,REACHABLE
0.039710,-0.031398,0.396562,REACHABLE
0.055506,-0.043888,0.432336,REACHABLE
0.017458,-0.013804,0.437292,REACHABLE
-0.016466,0.013020,0.414778,REACHABLE
-0.035105,0.027757,0.372204,REACHABLE
-0.032326,0.025560,0.323576,REACHABLE
-0.009044,0.007151,0.284895,REACHABLE
0.027082,-0.021413,0.268887,REACHABLE
0.100031,-0.079095,0.161669,REACHABLE
0.107356,-0.084886,0.113815,REACHABLE
0.134103,-0.106035,0.078965,REACHABLE
0.171472,-0.135582,0.068585,REACHABLE
0.207167,-0.163806,0.086091,REACHABLE
0.229444,-0.181421,0.125722,REACHABLE
0.230973,-0.182630,0.174440,REACHABLE
0.200961,-0.158899,0.159561,REACHABLE
0.227906,-0.180205,0.124960,REACHABLE
0.265333,-0.209798,0.114927,REACHABLE
0.300927,-0.237942,0.132763,REACHABLE
0.322978,-0.255378,0.172600,REACHABLE
0.324229,-0.256367,0.221331,REACHABLE
0.304270,-0.240585,0.262921,REACHABLE
0.285799,-0.225981,0.229293,REACHABLE
0.323282,-0.255618,0.219607,REACHABLE
0.358774,-0.283682,0.237773,REACHABLE
0.380597,-0.300937,0.277813,REACHABLE
0.381570,-0.301706,0.326554,REACHABLE
0.361374,-0.285737,0.367958,REACHABLE
0.326653,-0.258284,0.388403,REACHABLE
0.325951,-0.257728,0.347360,REACHABLE
0.361338,-0.285709,0.365855,REACHABLE
0.382931,-0.302783,0.406096,REACHABLE
0.383627,-0.303333,0.454845,REACHABLE
0.363195,-0.287177,0.496061,REACHABLE
0.328358,-0.259632,0.516183,REACHABLE
0.290580,-0.229761,0.508591,REACHABLE
0.307882,-0.243441,0.473967,REACHABLE
0.329245,-0.260333,0.514408,REACHABLE
0.329662,-0.260663,0.563162,REACHABLE
0.308996,-0.244322,0.604187,REACHABLE
0.274046,-0.216687,0.623986,REACHABLE
0.236311,-0.186851,0.616044,REACHABLE
0.208208,-0.164630,0.582974,REACHABLE
0.237683,-0.187935,0.566440,REACHABLE
0.237822,-0.188045,0.615196,REACHABLE
0.216922,-0.171520,0.656029,REACHABLE
0.181860,-0.143796,0.675503,REACHABLE
0.144172,-0.113996,0.667211,REACHABLE
0.116258,-0.091925,0.633882,REACHABLE
0.107302,-0.084844,0.586481,REACHABLE
0.139015,-0.109919,0.593609,REACHABLE
0.117883,-0.093210,0.634247,REACHABLE
0.082711,-0.065399,0.653396,REACHABLE
0.045071,-0.035637,0.644755,REACHABLE
0.017348,-0.013717,0.611167,REACHABLE
0.008663,-0.006850,0.563684,REACHABLE
0.021874,-0.017296,0.517929,REACHABLE
0.045136,-0.035689,0.546317,REACHABLE
0.009855,-0.007793,0.565139,REACHABLE
-0.027734,0.021930,0.556150,REACHABLE
-0.055265,0.043698,0.522306,REACHABLE
-0.063679,0.050351,0.474744,REACHABLE
-0.050207,0.039698,0.429112,REACHABLE
-0.019282,0.015246,0.400425,REACHABLE
-0.012312,0.009735,0.440504,REACHABLE
-0.049849,0.039416,0.431166,REACHABLE
-0.077186,0.061031,0.397068,REACHABLE
-0.085328,0.067469,0.349430,REACHABLE
-0.071597,0.056611,0.303924,REACHABLE
-0.040509,0.032030,0.275525,REACHABLE
-0.002294,0.001814,0.273575,REACHABLE
0.091929,-0.072688,0.197969,REACHABLE
0.109835,-0.086846,0.154886,REACHABLE
0.143365,-0.113359,0.131435,REACHABLE
0.181488,-0.143502,0.135331,REACHABLE
0.211660,-0.167359,0.165293,REACHABLE
0.223954,-0.177080,0.211462,REACHABLE
0.214324,-0.169466,0.258647,REACHABLE
0.188992,-0.149435,0.233303,REACHABLE
0.222656,-0.176053,0.210163,REACHABLE
0.260755,-0.206179,0.214412,REACHABLE
0.290756,-0.229900,0.244653,REACHABLE
0.302786,-0.239412,0.290934,REACHABLE
0.292887,-0.231585,0.338030,REACHABLE
0.264317,-0.208995,0.370443,REACHABLE
0.254299,-0.201074,0.331427,REACHABLE
0.292374,-0.231179,0.336030,REACHABLE
0.322201,-0.254763,0.366548,REACHABLE
0.333966,-0.264066,0.412940,REACHABLE
0.323799,-0.256027,0.459942,REACHABLE
0.295045,-0.233291,0.492090,REACHABLE
0.257164,-0.203339,0.498805,REACHABLE
0.265837,-0.210197,0.459270,REACHABLE
0.295489,-0.233643,0.490063,REACHABLE
0.306990,-0.242736,0.536563,REACHABLE
0.296555,-0.234485,0.583470,REACHABLE
0.267618,-0.211605,0.615350,REACHABLE
0.229700,-0.181623,0.621714,REACHABLE
0.195276,-0.154404,0.600468,REACHABLE
0.219717,-0.173730,0.573738,REACHABLE
0.230952,-0.182613,0.620344,REACHABLE
0.220250,-0.174151,0.667153,REACHABLE
0.191132,-0.151128,0.698763,REACHABLE
0.153179,-0.121118,0.704776,REACHABLE
0.118877,-0.093996,0.683211,REACHABLE
0.099514,-0.078686,0.641165,REACHABLE
0.131485,-0.103965,0.636251,REACHABLE
0.120516,-0.095292,0.682959,REACHABLE
0.091218,-0.072126,0.714300,REACHABLE
0.053231,-0.042090,0.719960,REACHABLE
0.019054,-0.015066,0.698078,REACHABLE
-0.000069,0.000054,0.655853,REACHABLE
0.002155,-0.001704,0.607179,REACHABLE
0.030879,-0.024416,0.625737,REACHABLE
0.001404,-0.001110,0.656805,REACHABLE
-0.036614,0.028951,0.662113,REACHABLE
-0.070666,0.055875,0.639914,REACHABLE
-0.089547,0.070805,0.597514,REACHABLE
-0.087046,0.068827,0.548862,REACHABLE
-0.063985,0.050593,0.509966,REACHABLE
-0.048189,0.038103,0.545740,REACHABLE
-0.086236,0.068187,0.550695,REACHABLE
-0.120160,0.095011,0.528182,REACHABLE
-0.138799,0.109748,0.485608,REACHABLE
-0.136021,0.107551,0.436980,REACHABLE
-0.112738,0.089142,0.398299,REACHABLE
-0.076613,0.060578,0.382291,REACHABLE
-0.079069,0.062520,0.423224,REACHABLE
-0.112864,0.089241,0.400397,REACHABLE
-0.131260,0.103787,0.357650,REACHABLE
-0.128204,0.101370,0.309050,REACHABLE
-0.104701,0.082787,0.270586,REACHABLE
-0.068486,0.054151,0.254913,REACHABLE
-0.031472,0.024885,0.267190,REACHABLE
0.075909,-0.060021,0.229708,REACHABLE
0.102854,-0.081326,0.195107,REACHABLE
0.140281,-0.110920,0.185074,REACHABLE
0.175875,-0.139064,0.202910,REACHABLE
0.197926,-0.156499,0.242747,REACHABLE
0.199177,-0.157489,0.291477,REACHABLE
0.179218,-0.141707,0.333068,REACHABLE
0.160747,-0.127102,0.299440,REACHABLE
0.198230,-0.156740,0.289754,REACHABLE
0.233722,-0.184803,0.307920,REACHABLE
0.255545,-0.202058,0.347960,REACHABLE
0.256518,-0.202828,0.396701,REACHABLE
0.236322,-0.186859,0.438105,REACHABLE
0.201601,-0.159406,0.458550,REACHABLE
0.200899,-0.158850,0.417507,REACHABLE
0.236286,-0.186831,0.436001,REACHABLE
0.257879,-0.203905,0.476243,REACHABLE
0.258575,-0.204454,0.524992,REACHABLE
0.238143,-0.188299,0.566207,REACHABLE
0.203307,-0.160754,0.586330,REACHABLE
0.165528,-0.130882,0.578737,REACHABLE
0.182830,-0.144563,0.544114,REACHABLE
0.204193,-0.161455,0.584555,REACHABLE
0.204610,-0.161785,0.633309,REACHABLE
0.183944,-0.145444,0.674334,REACHABLE
0.148994,-0.117809,0.694133,REACHABLE
0.111259,-0.087972,0.686190,REACHABLE
0.083156,-0.065751,0.653121,REACHABLE
0.112631,-0.089057,0.636587,REACHABLE
0.112770,-0.089167,0.685343,REACHABLE
0.091870,-0.072642,0.726176,REACHABLE
0.056808,-0.044918,0.745650,REACHABLE
0.019120,-0.015118,0.737358,REACHABLE
-0.008794,0.006954,0.704028,REACHABLE
-0.017750,0.014035,0.656627,REACHABLE
0.013963,-0.011041,0.663756,REACHABLE
-0.007169,0.005668,0.704394,REACHABLE
-0.042341,0.033479,0.723542,REACHABLE
-0.079981,0.063241,0.714901,REACHABLE
-0.107704,0.085162,0.681314,REACHABLE
-0.116389,0.092028,0.633831,REACHABLE
-0.103178,0.081582,0.588076,REACHABLE
-0.079916,0.063189,0.616464,REACHABLE
-0.115197,0.091086,0.635286,REACHABLE
-0.152786,0.120808,0.626296,REACHABLE
-0.180317,0.142576,0.592453,REACHABLE
-0.188731,0.149229,0.544890,REACHABLE
-0.175259,0.138577,0.499259,REACHABLE
-0.144334,0.114124,0.470572,REACHABLE
-0.137364,0.108613,0.510651,REACHABLE
-0.174901,0.138294,0.501313,REACHABLE
-0.202238,0.159909,0.467215,REACHABLE
-0.210380,0.166347,0.419576,REACHABLE
-0.196649,0.155489,0.374071,REACHABLE
-0.165561,0.130909,0.345671,REACHABLE
-0.127346,0.100692,0.343722,REACHABLE
-0.139017,0.109921,0.381983,REACHABLE
-0.166159,0.131382,0.347632,REACHABLE
-0.174029,0.137604,0.299919,REACHABLE
-0.160038,0.126542,0.254542,REACHABLE
-0.128789,0.101833,0.226432,REACHABLE
-0.090564,0.071609,0.224836,REACHABLE
-0.057940,0.045813,0.250281,REACHABLE
0.053352,-0.042185,0.254151,REACHABLE
0.087016,-0.068803,0.231012,REACHABLE
0.125115,-0.098929,0.235261,REACHABLE
0.155116,-0.122650,0.265502,REACHABLE
0.167146,-0.132162,0.311783,REACHABLE
0.157247,-0.124335,0.358879,REACHABLE
0.128677,-0.101744,0.391292,REACHABLE
0.118659,-0.093823,0.352276,REACHABLE
0.156734,-0.123929,0.356879,REACHABLE
0.186561,-0.147513,0.387397,REACHABLE
0.198326,-0.156816,0.433789,REACHABLE
0.188159,-0.148777,0.480791,REACHABLE
0.159405,-0.126041,0.512938,REACHABLE
0.121524,-0.096089,0.519654,REACHABLE
0.130197,-0.102947,0.480118,REACHABLE
0.159849,-0.126392,0.510912,REACHABLE
0.171350,-0.135486,0.557412,REACHABLE
0.160915,-0.127235,0.604319,REACHABLE
0.131978,-0.104355,0.636199,REACHABLE
0.094060,-0.074373,0.642563,REACHABLE
0.059636,-0.047154,0.621317,REACHABLE
0.084077,-0.066480,0.594587,REACHABLE
0.095312,-0.075363,0.641193,REACHABLE
0.084610,-0.066901,0.688001,REACHABLE
0.055492,-0.043877,0.719612,REACHABLE
0.017539,-0.013868,0.725625,REACHABLE
-0.016763,0.013254,0.704060,REACHABLE
-0.036126,0.028564,0.662014,REACHABLE
-0.004155,0.003285,0.657100,REACHABLE
-0.015124,0.011959,0.703808,REACHABLE
-0.044422,0.035124,0.735148,REACHABLE
-0.082408,0.065160,0.740809,REACHABLE
-0.116586,0.092184,0.718927,REACHABLE
-0.135709,0.107304,0.676702,REACHABLE
-0.133485,0.105546,0.628028,REACHABLE
-0.104761,0.082834,0.646586,REACHABLE
-0.134236,0.106140,0.677654,REACHABLE
-0.172254,0.136201,0.682962,REACHABLE
-0.206306,0.163126,0.660763,REACHABLE
-0.225187,0.178055,0.618363,REACHABLE
-0.222686,0.176077,0.569711,REACHABLE
-0.199625,0.157843,0.530815,REACHABLE
-0.183829,0.145353,0.566589,REACHABLE
-0.221876,0.175437,0.571544,REACHABLE
-0.255800,0.202261,0.549031,REACHABLE
-0.274439,0.216999,0.506456,REACHABLE
-0.271661,0.214801,0.457829,REACHABLE
-0.248378,0.196392,0.419148,REACHABLE
-0.212253,0.167828,0.403140,REACHABLE
-0.214709,0.169770,0.444073,REACHABLE
-0.248504,0.196492,0.421246,REACHABLE
-0.266900,0.211037,0.378499,REACHABLE
-0.263844,0.208620,0.329899,REACHABLE
-0.240341,0.190037,0.291434,REACHABLE
-0.204126,0.161402,0.275762,REACHABLE
-0.167112,0.132135,0.288038,REACHABLE
-0.186993,0.147855,0.320333,REACHABLE
-0.205144,0.162207,0.277417,REACHABLE
-0.201811,0.159572,0.228846,REACHABLE
-0.178090,0.140815,0.190601,REACHABLE
-0.141786,0.112110,0.175265,REACHABLE
-0.104844,0.082900,0.187884,REACHABLE
-0.079418,0.062796,0.224306,REACHABLE
0.027475,-0.009550,0.019724,REACHABLE
-0.016644,0.005785,0.005741,REACHABLE
0.507905,-0.176540,0.013276,REACHABLE
0.473280,-0.164505,0.045423,REACHABLE
0.427665,-0.148650,0.052139,REACHABLE
0.438109,-0.152280,0.012603,REACHABLE
0.473815,-0.164691,0.043397,REACHABLE
0.487664,-0.169504,0.089897,REACHABLE
0.475099,-0.165137,0.136803,REACHABLE
0.440254,-0.153025,0.168683,REACHABLE
0.394594,-0.137155,0.175047,REACHABLE
0.353142,-0.122747,0.153802,REACHABLE
0.382573,-0.132977,0.127072,REACHABLE
0.396102,-0.137679,0.173677,REACHABLE
0.383215,-0.133200,0.220486,REACHABLE
0.348152,-0.121012,0.252097,REACHABLE
0.302450,-0.105127,0.258109,REACHABLE
0.261145,-0.090770,0.236545,REACHABLE
0.237829,-0.082666,0.194499,REACHABLE
0.276327,-0.096047,0.189585,REACHABLE
0.263118,-0.091456,0.236293,REACHABLE
0.227839,-0.079193,0.267633,REACHABLE
0.182096,-0.063294,0.273293,REACHABLE
0.140941,-0.048989,0.251412,REACHABLE
0.117914,-0.040985,0.209187,REACHABLE
0.120592,-0.041916,0.160513,REACHABLE
0.060642,-0.021078,0.033563,REACHABLE
0.022257,-0.007736,0.006622,REACHABLE
0.544279,-0.189183,0.005531,REACHABLE
0.519960,-0.180730,0.046935,REACHABLE
0.478150,-0.166198,0.067379,REACHABLE
0.477305,-0.165904,0.026337,REACHABLE
0.519917,-0.180715,0.044831,REACHABLE
0.545919,-0.189753,0.085073,REACHABLE
0.546756,-0.190044,0.133821,REACHABLE
0.522153,-0.181492,0.175037,REACHABLE
0.480204,-0.166912,0.195159,REACHABLE
0.434712,-0.151099,0.187567,REACHABLE
0.455547,-0.158341,0.152944,REACHABLE
0.481272,-0.167283,0.193385,REACHABLE
0.481774,-0.167457,0.242138,REACHABLE
0.456888,-0.158807,0.283164,REACHABLE
0.414803,-0.144179,0.302962,REACHABLE
0.369364,-0.128385,0.295020,REACHABLE
0.335523,-0.116623,0.261950,REACHABLE
0.371016,-0.128959,0.245417,REACHABLE
0.371183,-0.129018,0.294173,REACHABLE
0.346016,-0.120270,0.335005,REACHABLE
0.303795,-0.105595,0.354480,REACHABLE
0.258412,-0.089820,0.346188,REACHABLE
0.224799,-0.078137,0.312858,REACHABLE
0.214016,-0.074389,0.265457,REACHABLE
0.252203,-0.087662,0.272586,REACHABLE
0.226757,-0.078817,0.313224,REACHABLE
0.184403,-0.064096,0.332372,REACHABLE
0.139078,-0.048341,0.323731,REACHABLE
0.105695,-0.036738,0.290144,REACHABLE
0.095237,-0.033103,0.242661,REACHABLE
0.111146,-0.038633,0.196905,REACHABLE
0.088586,-0.030791,0.056998,REACHABLE
0.059241,-0.020591,0.019421,REACHABLE
0.533781,-0.185534,0.009797,REACHABLE
0.521861,-0.181391,0.056892,REACHABLE
0.487458,-0.169433,0.089305,REACHABLE
0.475395,-0.165240,0.050290,REACHABLE
0.521243,-0.181176,0.054892,REACHABLE
0.557160,-0.193660,0.085410,REACHABLE
0.571327,-0.198585,0.131802,REACHABLE
0.559085,-0.194329,0.178804,REACHABLE
0.524459,-0.182294,0.210952,REACHABLE
0.478845,-0.166439,0.217667,REACHABLE
0.489289,-0.170069,0.178132,REACHABLE
0.524995,-0.182480,0.208925,REACHABLE
0.538843,-0.187294,0.255425,REACHABLE
0.526278,-0.182926,0.302332,REACHABLE
0.491433,-0.170815,0.334212,REACHABLE
0.445773,-0.154944,0.340576,REACHABLE
0.404322,-0.140536,0.319330,REACHABLE
0.433753,-0.150766,0.292601,REACHABLE
0.447282,-0.155468,0.339206,REACHABLE
0.434394,-0.150989,0.386015,REACHABLE
0.399331,-0.138801,0.417626,REACHABLE
0.353629,-0.122916,0.423638,REACHABLE
0.312325,-0.108559,0.402073,REACHABLE
0.289008,-0.100455,0.360027,REACHABLE
0.327506,-0.113836,0.355113,REACHABLE
0.314298,-0.109245,0.401822,REACHABLE
0.279018,-0.096983,0.433162,REACHABLE
0.233276,-0.081083,0.438822,REACHABLE
0.192121,-0.066778,0.416940,REACHABLE
0.169094,-0.058774,0.374716,REACHABLE
0.171772,-0.059705,0.326042,REACHABLE
0.206360,-0.071728,0.344599,REACHABLE
0.170867,-0.059391,0.375667,REACHABLE
0.125087,-0.043478,0.380975,REACHABLE
0.084083,-0.029226,0.358777,REACHABLE
0.061346,-0.021323,0.316376,REACHABLE
0.064358,-0.022370,0.267724,REACHABLE
0.092128,-0.032022,0.228828,REACHABLE
0.108902,-0.037852,0.088011,REACHABLE
0.091123,-0.031673,0.043034,REACHABLE
0.246706,-0.085751,0.005889,REACHABLE
0.208849,-0.072593,0.014775,REACHABLE
0.366525,-0.127398,0.027546,REACHABLE
0.330385,-0.114837,0.012667,REACHABLE
0.477313,-0.165907,0.025706,REACHABLE
0.478820,-0.166431,0.074436,REACHABLE
0.454786,-0.158077,0.116027,REACHABLE
0.432544,-0.150346,0.082399,REACHABLE
0.477680,-0.166034,0.072713,REACHABLE
0.520418,-0.180889,0.090879,REACHABLE
0.546696,-0.190023,0.130919,REACHABLE
0.547868,-0.190431,0.179660,REACHABLE
0.523549,-0.181978,0.221064,REACHABLE
0.481739,-0.167445,0.241509,REACHABLE
0.480893,-0.167151,0.200466,REACHABLE
0.523505,-0.181962,0.218961,REACHABLE
0.549508,-0.191000,0.259202,REACHABLE
0.550345,-0.191291,0.307951,REACHABLE
0.525742,-0.182740,0.349167,REACHABLE
0.483793,-0.168159,0.369289,REACHABLE
0.438301,-0.152347,0.361697,REACHABLE
0.459136,-0.159588,0.327073,REACHABLE
0.484861,-0.168530,0.367514,REACHABLE
0.485363,-0.168705,0.416268,REACHABLE
0.460477,-0.160055,0.457293,REACHABLE
0.418391,-0.145426,0.477092,REACHABLE
0.372953,-0.129633,0.469150,REACHABLE
0.339112,-0.117870,0.436080,REACHABLE
0.374604,-0.130207,0.419546,REACHABLE
0.374772,-0.130265,0.468302,REACHABLE
0.349605,-0.121517,0.509135,REACHABLE
0.307384,-0.106842,0.528609,REACHABLE
0.262001,-0.091068,0.520317,REACHABLE
0.228388,-0.079384,0.486988,REACHABLE
0.217605,-0.075636,0.439586,REACHABLE
0.255792,-0.088909,0.446715,REACHABLE
0.230345,-0.080065,0.487353,REACHABLE
0.187992,-0.065343,0.506501,REACHABLE
0.142667,-0.049589,0.497860,REACHABLE
0.109284,-0.037985,0.464273,REACHABLE
0.098826,-0.034350,0.416790,REACHABLE
0.114735,-0.039880,0.371035,REACHABLE
0.142746,-0.049616,0.399423,REACHABLE
0.100262,-0.034849,0.418245,REACHABLE
0.054998,-0.019116,0.409255,REACHABLE
0.021846,-0.007593,0.375412,REACHABLE
0.011715,-0.004072,0.327850,REACHABLE
0.027937,-0.009711,0.282218,REACHABLE
0.065176,-0.022654,0.253531,REACHABLE
0.119838,-0.041654,0.123933,REACHABLE
0.115158,-0.040027,0.075429,REACHABLE
0.136423,-0.047418,0.032181,REACHABLE
0.176637,-0.061396,0.008420,REACHABLE
0.222569,-0.077362,0.011962,REACHABLE
0.259106,-0.090061,0.041643,REACHABLE
0.274227,-0.095317,0.087697,REACHABLE
0.235563,-0.081878,0.084565,REACHABLE
0.257125,-0.089373,0.041483,REACHABLE
0.297501,-0.103407,0.018031,REACHABLE
0.343408,-0.119363,0.021927,REACHABLE
0.379740,-0.131992,0.051889,REACHABLE
0.394544,-0.137137,0.098058,REACHABLE
0.382948,-0.133107,0.145244,REACHABLE
0.352443,-0.122504,0.119899,REACHABLE
0.392980,-0.136594,0.096759,REACHABLE
0.438859,-0.152541,0.101009,REACHABLE
0.474984,-0.165097,0.131249,REACHABLE
0.489470,-0.170132,0.177531,REACHABLE
0.477550,-0.165989,0.224626,REACHABLE
0.443147,-0.154031,0.257039,REACHABLE
0.431084,-0.149838,0.218024,REACHABLE
0.476932,-0.165774,0.222626,REACHABLE
0.512849,-0.178258,0.253144,REACHABLE
0.527017,-0.183183,0.299536,REACHABLE
0.514774,-0.178927,0.346539,REACHABLE
0.480149,-0.166892,0.378686,REACHABLE
0.434534,-0.151037,0.385401,REACHABLE
0.444978,-0.154667,0.345866,REACHABLE
0.480684,-0.167078,0.376660,REACHABLE
0.494533,-0.171892,0.423160,REACHABLE
0.481967,-0.167524,0.470066,REACHABLE
0.447122,-0.155413,0.501946,REACHABLE
0.401462,-0.139542,0.508310,REACHABLE
0.360011,-0.125134,0.487064,REACHABLE
0.389442,-0.135364,0.460335,REACHABLE
0.402971,-0.140066,0.506940,REACHABLE
0.390084,-0.135587,0.553749,REACHABLE
0.355021,-0.123400,0.585360,REACHABLE
0.309318,-0.107514,0.591372,REACHABLE
0.268014,-0.093157,0.569808,REACHABLE
0.244697,-0.085053,0.527762,REACHABLE
0.283195,-0.098434,0.522848,REACHABLE
0.269987,-0.093843,0.569556,REACHABLE
0.234708,-0.081581,0.600896,REACHABLE
0.188965,-0.065681,0.606556,REACHABLE
0.147810,-0.051376,0.584674,REACHABLE
0.124783,-0.043373,0.542450,REACHABLE
0.127461,-0.044303,0.493776,REACHABLE
0.162050,-0.056326,0.512333,REACHABLE
0.126556,-0.043989,0.543401,REACHABLE
0.080776,-0.028076,0.548709,REACHABLE
0.039772,-0.013824,0.526511,REACHABLE
0.017036,-0.005921,0.484110,REACHABLE
0.020048,-0.006968,0.435458,REACHABLE
0.047817,-0.016620,0.396562,REACHABLE
0.066838,-0.023232,0.432336,REACHABLE
0.021023,-0.007307,0.437292,REACHABLE
-0.019828,0.006892,0.414778,REACHABLE
-0.042272,0.014693,0.372204,REACHABLE
-0.038926,0.013530,0.323576,REACHABLE
-0.010890,0.003785,0.284895,REACHABLE
0.032611,-0.011335,0.268887,REACHABLE
0.120454,-0.041868,0.161669,REACHABLE
0.129275,-0.044934,0.113815,REACHABLE
0.161483,-0.056129,0.078965,REACHABLE
0.206481,-0.071770,0.068585,REACHABLE
0.249464,-0.086710,0.086091,REACHABLE
0.276289,-0.096034,0.125722,REACHABLE
0.278131,-0.096674,0.174440,REACHABLE
0.241990,-0.084112,0.159561,REACHABLE
0.274437,-0.095390,0.124960,REACHABLE
0.319505,-0.111055,0.114927,REACHABLE
0.362367,-0.125953,0.132763,REACHABLE
0.388919,-0.135182,0.172600,REACHABLE
0.390426,-0.135706,0.221331,REACHABLE
0.366391,-0.127352,0.262921,REACHABLE
0.344150,-0.119621,0.229293,REACHABLE
0.389286,-0.135310,0.219607,REACHABLE
0.432024,-0.150165,0.237773,REACHABLE
0.458302,-0.159299,0.277813,REACHABLE
0.459474,-0.159706,0.326554,REACHABLE
0.435154,-0.151253,0.367958,REACHABLE
0.393345,-0.136721,0.388403,REACHABLE
0.392499,-0.136427,0.347360,REACHABLE
0.435111,-0.151238,0.365855,REACHABLE
0.461113,-0.160276,0.406096,REACHABLE
0.461951,-0.160567,0.454845,REACHABLE
0.437347,-0.152015,0.496061,REACHABLE
0.395398,-0.137434,0.516183,REACHABLE
0.349906,-0.121622,0.508591,REACHABLE
0.370741,-0.128864,0.473967,REACHABLE
0.396466,-0.137806,0.514408,REACHABLE
0.396969,-0.137980,0.563162,REACHABLE
0.372083,-0.129330,0.604187,REACHABLE
0.329997,-0.114702,0.623986,REACHABLE
0.284558,-0.098908,0.616044,REACHABLE
0.250717,-0.087145,0.582974,REACHABLE
0.286210,-0.099482,0.566440,REACHABLE
0.286377,-0.099540,0.615196,REACHABLE
0.261211,-0.090793,0.656029,REACHABLE
0.218990,-0.076117,0.675503,REACHABLE
0.173607,-0.060343,0.667211,REACHABLE
0.139994,-0.048660,0.633882,REACHABLE
0.129210,-0.044911,0.586481,REACHABLE
0.167398,-0.058185,0.593609,REACHABLE
0.141951,-0.049340,0.634247,REACHABLE
0.099598,-0.034619,0.653396,REACHABLE
0.054273,-0.018864,0.644755,REACHABLE
0.020889,-0.007261,0.611167,REACHABLE
0.010432,-0.003626,0.563684,REACHABLE
0.026340,-0.009156,0.517929,REACHABLE
0.054351,-0.018892,0.546317,REACHABLE
0.011867,-0.004125,0.565139,REACHABLE
-0.033397,0.011608,0.556150,REACHABLE
-0.066548,0.023131,0.522306,REACHABLE
-0.076680,0.026653,0.474744,REACHABLE
-0.060457,0.021014,0.429112,REACHABLE
-0.023219,0.008070,0.400425,REACHABLE
-0.014826,0.005153,0.440504,REACHABLE
-0.060027,0.020865,0.431166,REACHABLE
-0.092945,0.032306,0.397068,REACHABLE
-0.102750,0.035714,0.349430,REACHABLE
-0.086214,0.029967,0.303924,REACHABLE
-0.048780,0.016955,0.275525,REACHABLE
-0.002762,0.000960,0.273575,REACHABLE
0.110697,-0.038477,0.197969,REACHABLE
0.132259,-0.045971,0.154886,REACHABLE
0.172636,-0.060006,0.131435,REACHABLE
0.218542,-0.075962,0.135331,REACHABLE
0.254874,-0.088590,0.165293,REACHABLE
0.269678,-0.093736,0.211462,REACHABLE
0.258082,-0.089705,0.258647,REACHABLE
0.227578,-0.079103,0.233303,REACHABLE
0.268115,-0.093192,0.210163,REACHABLE
0.313993,-0.109139,0.214412,REACHABLE
0.350118,-0.121696,0.244653,REACHABLE
0.364604,-0.126731,0.290934,REACHABLE
0.352685,-0.122588,0.338030,REACHABLE
0.318281,-0.110630,0.370443,REACHABLE
0.306218,-0.106437,0.331427,REACHABLE
0.352067,-0.122373,0.336030,REACHABLE
0.387983,-0.134857,0.366548,REACHABLE
0.402151,-0.139782,0.412940,REACHABLE
0.389908,-0.135526,0.459942,REACHABLE
0.355283,-0.123491,0.492090,REACHABLE
0.309668,-0.107636,0.498805,REACHABLE
0.320112,-0.111266,0.459270,REACHABLE
0.355818,-0.123677,0.490063,REACHABLE
0.369667,-0.128491,0.536563,REACHABLE
0.357102,-0.124123,0.583470,REACHABLE
0.322257,-0.112011,0.615350,REACHABLE
0.276597,-0.096141,0.621714,REACHABLE
0.235145,-0.081733,0.600468,REACHABLE
0.264576,-0.091963,0.573738,REACHABLE
0.278105,-0.096665,0.620344,REACHABLE
0.265218,-0.092186,0.667153,REACHABLE
0.230155,-0.079998,0.698763,REACHABLE
0.184453,-0.064113,0.704776,REACHABLE
0.143148,-0.049756,0.683211,REACHABLE
0.119832,-0.041652,0.641165,REACHABLE
0.158330,-0.055033,0.636251,REACHABLE
0.145121,-0.050442,0.682959,REACHABLE
0.109842,-0.038179,0.714300,REACHABLE
0.064100,-0.022280,0.719960,REACHABLE
0.022944,-0.007975,0.698078,REACHABLE
-0.000083,0.000029,0.655853,REACHABLE
0.002595,-0.000902,0.607179,REACHABLE
0.037184,-0.012925,0.625737,REACHABLE
0.001690,-0.000588,0.656805,REACHABLE
-0.044090,0.015325,0.662113,REACHABLE
-0.085094,0.029577,0.639914,REACHABLE
-0.107830,0.037480,0.597514,REACHABLE
-0.104818,0.036433,0.548862,REACHABLE
-0.077049,0.026781,0.509966,REACHABLE
-0.058028,0.020170,0.545740,REACHABLE
-0.103843,0.036094,0.550695,REACHABLE
-0.144693,0.050293,0.528182,REACHABLE
-0.167138,0.058095,0.485608,REACHABLE
-0.163792,0.056931,0.436980,REACHABLE
-0.135756,0.047187,0.398299,REACHABLE
-0.092255,0.032066,0.382291,REACHABLE
-0.095213,0.033095,0.423224,REACHABLE
-0.135907,0.047239,0.400397,REACHABLE
-0.158059,0.054939,0.357650,REACHABLE
-0.154379,0.053660,0.309050,REACHABLE
-0.126078,0.043823,0.270586,REACHABLE
-0.082468,0.028665,0.254913,REACHABLE
-0.037898,0.013173,0.267190,REACHABLE
0.091407,-0.031772,0.229708,REACHABLE
0.123853,-0.043050,0.195107,REACHABLE
0.168922,-0.058715,0.185074,REACHABLE
0.211783,-0.073613,0.202910,REACHABLE
0.238336,-0.082842,0.242747,REACHABLE
0.239842,-0.083366,0.291477,REACHABLE
0.215808,-0.075012,0.333068,REACHABLE
0.193566,-0.067281,0.299440,REACHABLE
0.238702,-0.082969,0.289754,REACHABLE
0.281440,-0.097824,0.307920,REACHABLE
0.307718,-0.106958,0.347960,REACHABLE
0.308890,-0.107366,0.396701,REACHABLE
0.284571,-0.098912,0.438105,REACHABLE
0.242761,-0.084380,0.458550,REACHABLE
0.241916,-0.084086,0.417507,REACHABLE
0.284528,-0.098897,0.436001,REACHABLE
0.310530,-0.107935,0.476243,REACHABLE
0.311367,-0.108226,0.524992,REACHABLE
0.286764,-0.099675,0.566207,REACHABLE
0.244815,-0.085094,0.586330,REACHABLE
0.199323,-0.069282,0.578737,REACHABLE
0.220158,-0.076523,0.544114,REACHABLE
0.245883,-0.085465,0.584555,REACHABLE
0.246385,-0.085640,0.633309,REACHABLE
0.221499,-0.076990,0.674334,REACHABLE
0.179414,-0.062361,0.694133,REACHABLE
0.133975,-0.046568,0.686190,REACHABLE
0.100134,-0.034805,0.653121,REACHABLE
0.135627,-0.047142,0.636587,REACHABLE
0.135794,-0.047200,0.685343,REACHABLE
0.110627,-0.038452,0.726176,REACHABLE
0.068406,-0.023777,0.745650,REACHABLE
0.023023,-0.008003,0.737358,REACHABLE
-0.010590,0.003681,0.704028,REACHABLE
-0.021373,0.007429,0.656627,REACHABLE
0.016814,-0.005844,0.663756,REACHABLE
-0.008632,0.003001,0.704394,REACHABLE
-0.050986,0.017722,0.723542,REACHABLE
-0.096311,0.033476,0.714901,REACHABLE
-0.129694,0.045080,0.681314,REACHABLE
-0.140152,0.048715,0.633831,REACHABLE
-0.124243,0.043185,0.588076,REACHABLE
-0.096232,0.033449,0.616464,REACHABLE
-0.138716,0.048216,0.635286,REACHABLE
-0.183980,0.063949,0.626296,REACHABLE
-0.217132,0.075472,0.592453,REACHABLE
-0.227263,0.078993,0.544890,REACHABLE
-0.211041,0.073355,0.499259,REACHABLE
-0.173802,0.060411,0.470572,REACHABLE
-0.165409,0.057494,0.510651,REACHABLE
-0.210611,0.073205,0.501313,REACHABLE
-0.243529,0.084647,0.467215,REACHABLE
-0.253333,0.088055,0.419576,REACHABLE
-0.236798,0.082307,0.374071,REACHABLE
-0.199363,0.069296,0.345671,REACHABLE
-0.153346,0.053301,0.343722,REACHABLE
-0.167400,0.058186,0.381983,REACHABLE
-0.200083,0.069546,0.347632,REACHABLE
-0.209560,0.072840,0.299919,REACHABLE
-0.192713,0.066984,0.254542,REACHABLE
-0.155084,0.053905,0.226432,REACHABLE
-0.109055,0.037906,0.224836,REACHABLE
-0.069770,0.024251,0.250281,REACHABLE
0.064245,-0.022330,0.254151,REACHABLE
0.104781,-0.036420,0.231012,REACHABLE
0.150660,-0.052367,0.235261,REACHABLE
0.186785,-0.064924,0.265502,REACHABLE
0.201271,-0.069959,0.311783,REACHABLE
0.189352,-0.065816,0.358879,REACHABLE
0.154948,-0.053858,0.391292,REACHABLE
0.142885,-0.049665,0.352276,REACHABLE
0.188733,-0.065601,0.356879,REACHABLE
0.224650,-0.078085,0.387397,REACHABLE
0.238818,-0.083009,0.433789,REACHABLE
0.226575,-0.078754,0.480791,REACHABLE
0.191950,-0.066719,0.512938,REACHABLE
0.146335,-0.050864,0.519654,REACHABLE
0.156779,-0.054494,0.480118,REACHABLE
0.192485,-0.066905,0.510912,REACHABLE
0.206334,-0.071718,0.557412,REACHABLE
0.193769,-0.067351,0.604319,REACHABLE
0.158923,-0.055239,0.636199,REACHABLE
0.113264,-0.039369,0.642563,REACHABLE
0.071812,-0.024961,0.621317,REACHABLE
0.101243,-0.035191,0.594587,REACHABLE
0.114772,-0.039893,0.641193,REACHABLE
0.101885,-0.035414,0.688001,REACHABLE
0.066822,-0.023226,0.719612,REACHABLE
0.021119,-0.007341,0.725625,REACHABLE
-0.020185,0.007016,0.704060,REACHABLE
-0.043501,0.015120,0.662014,REACHABLE
-0.005003,0.001739,0.657100,REACHABLE
-0.018212,0.006330,0.703808,REACHABLE
-0.053491,0.018593,0.735148,REACHABLE
-0.099234,0.034492,0.740809,REACHABLE
-0.140389,0.048797,0.718927,REACHABLE
-0.163416,0.056801,0.676702,REACHABLE
-0.160738,0.055870,0.628028,REACHABLE
-0.126149,0.043848,0.646586,REACHABLE
-0.161643,0.056185,0.677654,REACHABLE
-0.207423,0.072097,0.682962,REACHABLE
-0.248427,0.086349,0.660763,REACHABLE
-0.271163,0.094252,0.618363,REACHABLE
-0.268151,0.093205,0.569711,REACHABLE
-0.240382,0.083553,0.530815,REACHABLE
-0.221361,0.076942,0.566589,REACHABLE
-0.267176,0.092866,0.571544,REACHABLE
-0.308026,0.107065,0.549031,REACHABLE
-0.330471,0.114867,0.506456,REACHABLE
-0.327125,0.113704,0.457829,REACHABLE
-0.299089,0.103959,0.419148,REACHABLE
-0.255588,0.088838,0.403140,REACHABLE
-0.258546,0.089867,0.444073,REACHABLE
-0.299240,0.104011,0.421246,REACHABLE
-0.321392,0.111711,0.378499,REACHABLE
-0.317712,0.110432,0.329899,REACHABLE
-0.289411,0.100595,0.291434,REACHABLE
-0.245801,0.085437,0.275762,REACHABLE
-0.201231,0.069945,0.288038,REACHABLE
-0.225171,0.078266,0.320333,REACHABLE
-0.247028,0.085863,0.277417,REACHABLE
-0.243014,0.084468,0.228846,REACHABLE
-0.214450,0.074540,0.190601,REACHABLE
-0.170734,0.059344,0.175265,REACHABLE
-0.126249,0.043882,0.187884,REACHABLE
-0.095633,0.033241,0.224306,REACHABLE
0.029088,0.000000,0.019724,REACHABLE
-0.017620,-0.000000,0.005741,REACHABLE
0.537712,0.000000,0.013276,REACHABLE
0.501055,0.000000,0.045423,REACHABLE
0.452763,0.000000,0.052139,REACHABLE
0.463820,0.000000,0.012603,REACHABLE
0.501621,0.000000,0.043397,REACHABLE
0.516283,0.000000,0.089897,REACHABLE
0.502980,0.000000,0.136803,REACHABLE
0.466090,0.000000,0.168683,REACHABLE
0.417751,0.000000,0.175047,REACHABLE
0.373867,0.000000,0.153802,REACHABLE
0.405025,0.000000,0.127072,REACHABLE
0.419348,0.000000,0.173677,REACHABLE
0.405704,0.000000,0.220486,REACHABLE
0.368583,0.000000,0.252097,REACHABLE
0.320199,0.000000,0.258109,REACHABLE
0.276471,0.000000,0.236545,REACHABLE
0.251786,0.000000,0.194499,REACHABLE
0.292543,0.000000,0.189585,REACHABLE
0.278559,0.000000,0.236293,REACHABLE
0.241210,0.000000,0.267633,REACHABLE
0.192783,0.000000,0.273293,REACHABLE
0.149212,0.000000,0.251412,REACHABLE
0.124834,0.000000,0.209187,REACHABLE
0.127669,0.000000,0.160513,REACHABLE
0.064201,0.000000,0.033563,REACHABLE
0.023563,0.000000,0.006622,REACHABLE
0.576221,0.000000,0.005531,REACHABLE
0.550474,0.000000,0.046935,REACHABLE
0.506211,0.000000,0.067379,REACHABLE
0.505315,0.000000,0.026337,REACHABLE
0.550428,0.000000,0.044831,REACHABLE
0.577956,0.000000,0.085073,REACHABLE
0.578843,0.000000,0.133821,REACHABLE
0.552796,0.000000,0.175037,REACHABLE
0.508385,0.000000,0.195159,REACHABLE
0.460223,0.000000,0.187567,REACHABLE
0.482281,0.000000,0.152944,REACHABLE
0.509516,0.000000,0.193385,REACHABLE
0.510047,0.000000,0.242138,REACHABLE
0.483701,0.000000,0.283164,REACHABLE
0.439145,0.000000,0.302962,REACHABLE
0.391040,0.000000,0.295020,REACHABLE
0.355213,0.000000,0.261950,REACHABLE
0.392789,0.000000,0.245417,REACHABLE
0.392966,0.000000,0.294173,REACHABLE
0.366322,0.000000,0.335005,REACHABLE
0.321624,0.000000,0.354480,REACHABLE
0.273577,0.000000,0.346188,REACHABLE
0.237992,0.000000,0.312858,REACHABLE
0.226575,0.000000,0.265457,REACHABLE
0.267004,0.000000,0.272586,REACHABLE
0.240064,0.000000,0.313224,REACHABLE
0.195225,0.000000,0.332372,REACHABLE
0.147240,0.000000,0.323731,REACHABLE
0.111898,0.000000,0.290144,REACHABLE
0.100826,0.000000,0.242661,REACHABLE
0.117669,0.000000,0.196905,REACHABLE
0.093785,0.000000,0.056998,REACHABLE
0.062717,0.000000,0.019421,REACHABLE
0.565106,0.000000,0.009797,REACHABLE
0.552487,0.000000,0.056892,REACHABLE
0.516065,0.000000,0.089305,REACHABLE
0.503294,0.000000,0.050290,REACHABLE
0.551832,0.000000,0.054892,REACHABLE
0.589857,0.000000,0.085410,REACHABLE
0.604856,0.000000,0.131802,REACHABLE
0.591895,0.000000,0.178804,REACHABLE
0.555238,0.000000,0.210952,REACHABLE
0.506946,0.000000,0.217667,REACHABLE
0.518003,0.000000,0.178132,REACHABLE
0.555804,0.000000,0.208925,REACHABLE
0.570466,0.000000,0.255425,REACHABLE
0.557163,0.000000,0.302332,REACHABLE
0.520273,0.000000,0.334212,REACHABLE
0.471934,0.000000,0.340576,REACHABLE
0.428050,0.000000,0.319330,REACHABLE
0.459208,0.000000,0.292601,REACHABLE
0.473531,0.000000,0.339206,REACHABLE
0.459887,0.000000,0.386015,REACHABLE
0.422766,0.000000,0.417626,REACHABLE
0.374382,0.000000,0.423638,REACHABLE
0.330653,0.000000,0.402073,REACHABLE
0.305969,0.000000,0.360027,REACHABLE
0.346726,0.000000,0.355113,REACHABLE
0.332742,0.000000,0.401822,REACHABLE
0.295393,0.000000,0.433162,REACHABLE
0.246966,0.000000,0.438822,REACHABLE
0.203395,0.000000,0.416940,REACHABLE
0.179017,0.000000,0.374716,REACHABLE
0.181852,0.000000,0.326042,REACHABLE
0.218471,0.000000,0.344599,REACHABLE
0.180894,0.000000,0.375667,REACHABLE
0.132427,0.000000,0.380975,REACHABLE
0.089017,0.000000,0.358777,REACHABLE
0.064947,0.000000,0.316376,REACHABLE
0.068135,0.000000,0.267724,REACHABLE
0.097534,0.000000,0.228828,REACHABLE
0.115292,0.000000,0.088011,REACHABLE
0.096470,0.000000,0.043034,REACHABLE
0.261185,0.000000,0.005889,REACHABLE
0.221105,0.000000,0.014775,REACHABLE
0.388035,0.000000,0.027546,REACHABLE
0.349774,0.000000,0.012667,REACHABLE
0.505325,0.000000,0.025706,REACHABLE
0.506920,0.000000,0.074436,REACHABLE
0.481475,0.000000,0.116027,REACHABLE
0.457928,0.000000,0.082399,REACHABLE
0.505713,0.000000,0.072713,REACHABLE
0.550959,0.000000,0.090879,REACHABLE
0.578779,0.000000,0.130919,REACHABLE
0.580020,0.000000,0.179660,REACHABLE
0.554274,0.000000,0.221064,REACHABLE
0.510010,0.000000,0.241509,REACHABLE
0.509115,0.000000,0.200466,REACHABLE
0.554228,0.000000,0.218961,REACHABLE
0.581756,0.000000,0.259202,REACHABLE
0.582642,0.000000,0.307951,REACHABLE
0.556595,0.000000,0.349167,REACHABLE
0.512185,0.000000,0.369289,REACHABLE
0.464023,0.000000,0.361697,REACHABLE
0.486080,0.000000,0.327073,REACHABLE
0.513315,0.000000,0.367514,REACHABLE
0.513847,0.000000,0.416268,REACHABLE
0.487501,0.000000,0.457293,REACHABLE
0.442945,0.000000,0.477092,REACHABLE
0.394840,0.000000,0.469150,REACHABLE
0.359013,0.000000,0.436080,REACHABLE
0.396588,0.000000,0.419546,REACHABLE
0.396766,0.000000,0.468302,REACHABLE
0.370122,0.000000,0.509135,REACHABLE
0.325423,0.000000,0.528609,REACHABLE
0.277377,0.000000,0.520317,REACHABLE
0.241791,0.000000,0.486988,REACHABLE
0.230375,0.000000,0.439586,REACHABLE
0.270803,0.000000,0.446715,REACHABLE
0.243863,0.000000,0.487353,REACHABLE
0.199024,0.000000,0.506501,REACHABLE
0.151040,0.000000,0.497860,REACHABLE
0.115697,0.000000,0.464273,REACHABLE
0.104626,0.000000,0.416790,REACHABLE
0.121468,0.000000,0.371035,REACHABLE
0.151123,0.000000,0.399423,REACHABLE
0.106146,0.000000,0.418245,REACHABLE
0.058225,0.000000,0.409255,REACHABLE
0.023128,0.000000,0.375412,REACHABLE
0.012402,0.000000,0.327850,REACHABLE
0.029577,0.000000,0.282218,REACHABLE
0.069001,0.000000,0.253531,REACHABLE
0.126871,0.000000,0.123933,REACHABLE
0.121916,0.000000,0.075429,REACHABLE
0.144429,0.000000,0.032181,REACHABLE
0.187003,0.000000,0.008420,REACHABLE
0.235631,0.000000,0.011962,REACHABLE
0.274312,0.000000,0.041643,REACHABLE
0.290320,0.000000,0.087697,REACHABLE
0.249387,0.000000,0.084565,REACHABLE
0.272214,0.000000,0.041483,REACHABLE
0.314960,0.000000,0.018031,REACHABLE
0.363561,0.000000,0.021927,REACHABLE
0.402025,0.000000,0.051889,REACHABLE
0.417698,0.000000,0.098058,REACHABLE
0.405421,0.000000,0.145244,REACHABLE
0.373127,0.000000,0.119899,REACHABLE
0.416042,0.000000,0.096759,REACHABLE
0.464613,0.000000,0.101009,REACHABLE
0.502859,0.000000,0.131249,REACHABLE
0.518195,0.000000,0.177531,REACHABLE
0.505576,0.000000,0.224626,REACHABLE
0.469153,0.000000,0.257039,REACHABLE
0.456382,0.000000,0.218024,REACHABLE
0.504921,0.000000,0.222626,REACHABLE
0.542946,0.000000,0.253144,REACHABLE
0.557945,0.000000,0.299536,REACHABLE
0.544984,0.000000,0.346539,REACHABLE
0.508326,0.000000,0.378686,REACHABLE
0.460035,0.000000,0.385401,REACHABLE
0.471092,0.000000,0.345866,REACHABLE
0.508893,0.000000,0.376660,REACHABLE
0.523555,0.000000,0.423160,REACHABLE
0.510252,0.000000,0.470066,REACHABLE
0.473362,0.000000,0.501946,REACHABLE
0.425022,0.000000,0.508310,REACHABLE
0.381138,0.000000,0.487064,REACHABLE
0.412297,0.000000,0.460335,REACHABLE
0.426619,0.000000,0.506940,REACHABLE
0.412976,0.000000,0.553749,REACHABLE
0.375855,0.000000,0.585360,REACHABLE
0.327471,0.000000,0.591372,REACHABLE
0.283742,0.000000,0.569808,REACHABLE
0.259058,0.000000,0.527762,REACHABLE
0.299815,0.000000,0.522848,REACHABLE
0.285831,0.000000,0.569556,REACHABLE
0.248482,0.000000,0.600896,REACHABLE
0.200055,0.000000,0.606556,REACHABLE
0.156484,0.000000,0.584674,REACHABLE
0.132106,0.000000,0.542450,REACHABLE
0.134941,0.000000,0.493776,REACHABLE
0.171559,0.000000,0.512333,REACHABLE
0.133983,0.000000,0.543401,REACHABLE
0.085516,0.000000,0.548709,REACHABLE
0.042106,0.000000,0.526511,REACHABLE
0.018035,0.000000,0.484110,REACHABLE
0.021224,0.000000,0.435458,REACHABLE
0.050623,0.000000,0.396562,REACHABLE
0.070760,0.000000,0.432336,REACHABLE
0.022256,0.000000,0.437292,REACHABLE
-0.020991,-0.000000,0.414778,REACHABLE
-0.044753,-0.000000,0.372204,REACHABLE
-0.041210,-0.000000,0.323576,REACHABLE
-0.011529,-0.000000,0.284895,REACHABLE
0.034525,0.000000,0.268887,REACHABLE
0.127523,0.000000,0.161669,REACHABLE
0.136861,0.000000,0.113815,REACHABLE
0.170959,0.000000,0.078965,REACHABLE
0.218598,0.000000,0.068585,REACHABLE
0.264104,0.000000,0.086091,REACHABLE
0.292503,0.000000,0.125722,REACHABLE
0.294453,0.000000,0.174440,REACHABLE
0.256192,0.000000,0.159561,REACHABLE
0.290542,0.000000,0.124960,REACHABLE
0.338255,0.000000,0.114927,REACHABLE
0.383632,0.000000,0.132763,REACHABLE
0.411743,0.000000,0.172600,REACHABLE
0.413338,0.000000,0.221331,REACHABLE
0.387893,0.000000,0.262921,REACHABLE
0.364347,0.000000,0.229293,REACHABLE
0.412131,0.000000,0.219607,REACHABLE
0.457377,0.000000,0.237773,REACHABLE
0.485198,0.000000,0.277813,REACHABLE
0.486438,0.000000,0.326554,REACHABLE
0.460692,0.000000,0.367958,REACHABLE
0.416429,0.000000,0.388403,REACHABLE
0.415533,0.000000,0.347360,REACHABLE
0.460646,0.000000,0.365855,REACHABLE
0.488174,0.000000,0.406096,REACHABLE
0.489060,0.000000,0.454845,REACHABLE
0.463013,0.000000,0.496061,REACHABLE
0.418603,0.000000,0.516183,REACHABLE
0.370441,0.000000,0.508591,REACHABLE
0.392498,0.000000,0.473967,REACHABLE
0.419733,0.000000,0.514408,REACHABLE
0.420265,0.000000,0.563162,REACHABLE
0.393919,0.000000,0.604187,REACHABLE
0.349363,0.000000,0.623986,REACHABLE
0.301258,0.000000,0.616044,REACHABLE
0.265431,0.000000,0.582974,REACHABLE
0.303006,0.000000,0.566440,REACHABLE
0.303184,0.000000,0.615196,REACHABLE
0.276540,0.000000,0.656029,REACHABLE
0.231841,0.000000,0.675503,REACHABLE
0.183795,0.000000,0.667211,REACHABLE
0.148209,0.000000,0.633882,REACHABLE
0.136793,0.000000,0.586481,REACHABLE
0.177222,0.000000,0.593609,REACHABLE
0.150281,0.000000,0.634247,REACHABLE
0.105442,0.000000,0.653396,REACHABLE
0.057458,0.000000,0.644755,REACHABLE
0.022115,0.000000,0.611167,REACHABLE
0.011044,0.000000,0.563684,REACHABLE
0.027886,0.000000,0.517929,REACHABLE
0.057541,0.000000,0.546317,REACHABLE
0.012564,0.000000,0.565139,REACHABLE
-0.035357,-0.000000,0.556150,REACHABLE
-0.070454,-0.000000,0.522306,REACHABLE
-0.081180,-0.000000,0.474744,REACHABLE
-0.064005,-0.000000,0.429112,REACHABLE
-0.024581,-0.000000,0.400425,REACHABLE
-0.015696,-0.000000,0.440504,REACHABLE
-0.063550,-0.000000,0.431166,REACHABLE
-0.098400,-0.000000,0.397068,REACHABLE
-0.108780,-0.000000,0.349430,REACHABLE
-0.091274,-0.000000,0.303924,REACHABLE
-0.051642,-0.000000,0.275525,REACHABLE
-0.002925,-0.000000,0.273575,REACHABLE
0.117194,0.000000,0.197969,REACHABLE
0.140021,0.000000,0.154886,REACHABLE
0.182767,0.000000,0.131435,REACHABLE
0.231368,0.000000,0.135331,REACHABLE
0.269832,0.000000,0.165293,REACHABLE
0.285504,0.000000,0.211462,REACHABLE
0.273228,0.000000,0.258647,REACHABLE
0.240933,0.000000,0.233303,REACHABLE
0.283849,0.000000,0.210163,REACHABLE
0.332420,0.000000,0.214412,REACHABLE
0.370665,0.000000,0.244653,REACHABLE
0.386001,0.000000,0.290934,REACHABLE
0.373382,0.000000,0.338030,REACHABLE
0.336960,0.000000,0.370443,REACHABLE
0.324189,0.000000,0.331427,REACHABLE
0.372728,0.000000,0.336030,REACHABLE
0.410752,0.000000,0.366548,REACHABLE
0.425751,0.000000,0.412940,REACHABLE
0.412790,0.000000,0.459942,REACHABLE
0.376133,0.000000,0.492090,REACHABLE
0.327841,0.000000,0.498805,REACHABLE
0.338898,0.000000,0.459270,REACHABLE
0.376700,0.000000,0.490063,REACHABLE
0.391361,0.000000,0.536563,REACHABLE
0.378058,0.000000,0.583470,REACHABLE
0.341168,0.000000,0.615350,REACHABLE
0.292829,0.000000,0.621714,REACHABLE
0.248945,0.000000,0.600468,REACHABLE
0.280103,0.000000,0.573738,REACHABLE
0.294426,0.000000,0.620344,REACHABLE
0.280783,0.000000,0.667153,REACHABLE
0.243662,0.000000,0.698763,REACHABLE
0.195277,0.000000,0.704776,REACHABLE
0.151549,0.000000,0.683211,REACHABLE
0.126864,0.000000,0.641165,REACHABLE
0.167621,0.000000,0.636251,REACHABLE
0.153638,0.000000,0.682959,REACHABLE
0.116288,0.000000,0.714300,REACHABLE
0.067861,0.000000,0.719960,REACHABLE
0.024291,0.000000,0.698078,REACHABLE
-0.000087,-0.000000,0.655853,REACHABLE
0.002748,0.000000,0.607179,REACHABLE
0.039366,0.000000,0.625737,REACHABLE
0.001789,0.000000,0.656805,REACHABLE
-0.046677,-0.000000,0.662113,REACHABLE
-0.090087,-0.000000,0.639914,REACHABLE
-0.114158,-0.000000,0.597514,REACHABLE
-0.110969,-0.000000,0.548862,REACHABLE
-0.081570,-0.000000,0.509966,REACHABLE
-0.061433,-0.000000,0.545740,REACHABLE
-0.109937,-0.000000,0.550695,REACHABLE
-0.153185,-0.000000,0.528182,REACHABLE
-0.176946,-0.000000,0.485608,REACHABLE
-0.173404,-0.000000,0.436980,REACHABLE
-0.143723,-0.000000,0.398299,REACHABLE
-0.097669,-0.000000,0.382291,REACHABLE
-0.100800,-0.000000,0.423224,REACHABLE
-0.143883,-0.000000,0.400397,REACHABLE
-0.167334,-0.000000,0.357650,REACHABLE
-0.163438,-0.000000,0.309050,REACHABLE
-0.133477,-0.000000,0.270586,REACHABLE
-0.087308,-0.000000,0.254913,REACHABLE
-0.040122,-0.000000,0.267190,REACHABLE
0.096771,0.000000,0.229708,REACHABLE
0.131122,0.000000,0.195107,REACHABLE
0.178835,0.000000,0.185074,REACHABLE
0.224212,0.000000,0.202910,REACHABLE
0.252322,0.000000,0.242747,REACHABLE
0.253918,0.000000,0.291477,REACHABLE
0.228473,0.000000,0.333068,REACHABLE
0.204926,0.000000,0.299440,REACHABLE
0.252711,0.000000,0.289754,REACHABLE
0.297957,0.000000,0.307920,REACHABLE
0.325777,0.000000,0.347960,REACHABLE
0.327018,0.000000,0.396701,REACHABLE
0.301271,0.000000,0.438105,REACHABLE
0.257008,0.000000,0.458550,REACHABLE
0.256112,0.000000,0.417507,REACHABLE
0.301225,0.000000,0.436001,REACHABLE
0.328753,0.000000,0.476243,REACHABLE
0.329640,0.000000,0.524992,REACHABLE
0.303593,0.000000,0.566207,REACHABLE
0.259182,0.000000,0.586330,REACHABLE
0.211020,0.000000,0.578737,REACHABLE
0.233078,0.000000,0.544114,REACHABLE
0.260313,0.000000,0.584555,REACHABLE
0.260844,0.000000,0.633309,REACHABLE
0.234498,0.000000,0.674334,REACHABLE
0.189943,0.000000,0.694133,REACHABLE
0.141837,0.000000,0.686190,REACHABLE
0.106010,0.000000,0.653121,REACHABLE
0.143586,0.000000,0.636587,REACHABLE
0.143763,0.000000,0.685343,REACHABLE
0.117119,0.000000,0.726176,REACHABLE
0.072421,0.000000,0.745650,REACHABLE
0.024374,0.000000,0.737358,REACHABLE
-0.011211,-0.000000,0.704028,REACHABLE
-0.022628,-0.000000,0.656627,REACHABLE
0.017801,0.000000,0.663756,REACHABLE
-0.009139,-0.000000,0.704394,REACHABLE
-0.053978,-0.000000,0.723542,REACHABLE
-0.101963,-0.000000,0.714901,REACHABLE
-0.137305,-0.000000,0.681314,REACHABLE
-0.148377,-0.000000,0.633831,REACHABLE
-0.131534,-0.000000,0.588076,REACHABLE
-0.101880,-0.000000,0.616464,REACHABLE
-0.146857,-0.000000,0.635286,REACHABLE
-0.194777,-0.000000,0.626296,REACHABLE
-0.229874,-0.000000,0.592453,REACHABLE
-0.240600,-0.000000,0.544890,REACHABLE
-0.223426,-0.000000,0.499259,REACHABLE
-0.184002,-0.000000,0.470572,REACHABLE
-0.175116,-0.000000,0.510651,REACHABLE
-0.222970,-0.000000,0.501313,REACHABLE
-0.257820,-0.000000,0.467215,REACHABLE
-0.268200,-0.000000,0.419576,REACHABLE
-0.250694,-0.000000,0.374071,REACHABLE
-0.211063,-0.000000,0.345671,REACHABLE
-0.162345,-0.000000,0.343722,REACHABLE
-0.177224,-0.000000,0.381983,REACHABLE
-0.211825,-0.000000,0.347632,REACHABLE
-0.221858,-0.000000,0.299919,REACHABLE
-0.204022,-0.000000,0.254542,REACHABLE
-0.164185,-0.000000,0.226432,REACHABLE
-0.115454,-0.000000,0.224836,REACHABLE
-0.073864,-0.000000,0.250281,REACHABLE
0.068015,0.000000,0.254151,REACHABLE
0.110931,0.000000,0.231012,REACHABLE
0.159502,0.000000,0.235261,REACHABLE
0.197747,0.000000,0.265502,REACHABLE
0.213083,0.000000,0.311783,REACHABLE
0.200464,0.000000,0.358879,REACHABLE
0.164042,0.000000,0.391292,REACHABLE
0.151271,0.000000,0.352276,REACHABLE
0.199809,0.000000,0.356879,REACHABLE
0.237834,0.000000,0.387397,REACHABLE
0.252833,0.000000,0.433789,REACHABLE
0.239872,0.000000,0.480791,REACHABLE
0.203215,0.000000,0.512938,REACHABLE
0.154923,0.000000,0.519654,REACHABLE
0.165980,0.000000,0.480118,REACHABLE
0.203781,0.000000,0.510912,REACHABLE
0.218443,0.000000,0.557412,REACHABLE
0.205140,0.000000,0.604319,REACHABLE
0.168250,0.000000,0.636199,REACHABLE
0.119911,0.000000,0.642563,REACHABLE
0.076026,0.000000,0.621317,REACHABLE
0.107185,0.000000,0.594587,REACHABLE
0.121508,0.000000,0.641193,REACHABLE
0.107864,0.000000,0.688001,REACHABLE
0.070743,0.000000,0.719612,REACHABLE
0.022359,0.000000,0.725625,REACHABLE
-0.021370,-0.000000,0.704060,REACHABLE
-0.046054,-0.000000,0.662014,REACHABLE
-0.005297,-0.000000,0.657100,REACHABLE
-0.019281,-0.000000,0.703808,REACHABLE
-0.056630,-0.000000,0.735148,REACHABLE
-0.105057,-0.000000,0.740809,REACHABLE
-0.148628,-0.000000,0.718927,REACHABLE
-0.173006,-0.000000,0.676702,REACHABLE
-0.170171,-0.000000,0.628028,REACHABLE
-0.133552,-0.000000,0.646586,REACHABLE
-0.171129,-0.000000,0.677654,REACHABLE
-0.219596,-0.000000,0.682962,REACHABLE
-0.263006,-0.000000,0.660763,REACHABLE
-0.287077,-0.000000,0.618363,REACHABLE
-0.283888,-0.000000,0.569711,REACHABLE
-0.254489,-0.000000,0.530815,REACHABLE
-0.234351,-0.000000,0.566589,REACHABLE
-0.282856,-0.000000,0.571544,REACHABLE
-0.326103,-0.000000,0.549031,REACHABLE
-0.349865,-0.000000,0.506456,REACHABLE
-0.346322,-0.000000,0.457829,REACHABLE
-0.316641,-0.000000,0.419148,REACHABLE
-0.270587,-0.000000,0.403140,REACHABLE
-0.273719,-0.000000,0.444073,REACHABLE
-0.316802,-0.000000,0.421246,REACHABLE
-0.340253,-0.000000,0.378499,REACHABLE
-0.336357,-0.000000,0.329899,REACHABLE
-0.306395,-0.000000,0.291434,REACHABLE
-0.260226,-0.000000,0.275762,REACHABLE
-0.213040,-0.000000,0.288038,REACHABLE
-0.238385,-0.000000,0.320333,REACHABLE
-0.261525,-0.000000,0.277417,REACHABLE
-0.257276,-0.000000,0.228846,REACHABLE
-0.227035,-0.000000,0.190601,REACHABLE
-0.180753,-0.000000,0.175265,REACHABLE
-0.133658,-0.000000,0.187884,REACHABLE
-0.101245,-0.000000,0.224306,REACHABLE
0.027475,0.009550,0.019724,REACHABLE
-0.016644,-0.005785,0.005741,REACHABLE
0.507905,0.176540,0.013276,REACHABLE
0.473280,0.164505,0.045423,REACHABLE
0.427665,0.148650,0.052139,REACHABLE
0.438109,0.152280,0.012603,REACHABLE
0.473815,0.164691,0.043397,REACHABLE
0.487664,0.169504,0.089897,REACHABLE
0.475099,0.165137,0.136803,REACHABLE
0.440254,0.153025,0.168683,REACHABLE
0.394594,0.137155,0.175047,REACHABLE
0.353142,0.122747,0.153802,REACHABLE
0.382573,0.132977,0.127072,REACHABLE
0.396102,0.137679,0.173677,REACHABLE
0.383215,0.133200,0.220486,REACHABLE
0.348152,0.121012,0.252097,REACHABLE
0.302450,0.105127,0.258109,REACHABLE
0.261145,0.090770,0.236545,REACHABLE
0.237829,0.082666,0.194499,REACHABLE
0.276327,0.096047,0.189585,REACHABLE
0.263118,0.091456,0.236293,REACHABLE
0.227839,0.079193,0.267633,REACHABLE
0.182096,0.063294,0.273293,REACHABLE
0.140941,0.048989,0.251412,REACHABLE
0.117914,0.040985,0.209187,REACHABLE
0.120592,0.041916,0.160513,REACHABLE
0.060642,0.021078,0.033563,REACHABLE
0.022257,0.007736,0.006622,REACHABLE
0.544279,0.189183,0.005531,REACHABLE
0.519960,0.180730,0.046935,REACHABLE
0.478150,0.166198,0.067379,REACHABLE
0.477305,0.165904,0.026337,REACHABLE
0.519917,0.180715,0.044831,REACHABLE
0.545919,0.189753,0.085073,REACHABLE
0.546756,0.190044,0.133821,REACHABLE
0.522153,0.181492,0.175037,REACHABLE
0.480204,0.166912,0.195159,REACHABLE
0.434712,0.151099,0.187567,REACHABLE
0.455547,0.158341,0.152944,REACHABLE
0.481272,0.167283,0.193385,REACHABLE
0.481774,0.167457,0.242138,REACHABLE
0.456888,0.158807,0.283164,REACHABLE
0.414803,0.144179,0.302962,REACHABLE
0.369364,0.128385,0.295020,REACHABLE
0.335523,0.116623,0.261950,REACHABLE
0.371016,0.128959,0.245417,REACHABLE
0.371183,0.129018,0.294173,REACHABLE
0.346016,0.120270,0.335005,REACHABLE
0.303795,0.105595,0.354480,REACHABLE
0.258412,0.089820,0.346188,REACHABLE
0.224799,0.078137,0.312858,REACHABLE
0.214016,0.074389,0.265457,REACHABLE
0.252203,0.087662,0.272586,REACHABLE
0.226757,0.078817,0.313224,REACHABLE
0.184403,0.064096,0.332372,REACHABLE
0.139078,0.048341,0.323731,REACHABLE
0.105695,0.036738,0.290144,REACHABLE
0.095237,0.033103,0.242661,REACHABLE
0.111146,0.038633,0.196905,REACHABLE
0.088586,0.030791,0.056998,REACHABLE
0.059241,0.020591,0.019421,REACHABLE
0.533781,0.185534,0.009797,REACHABLE
0.521861,0.181391,0.056892,REACHABLE
0.487458,0.169433,0.089305,REACHABLE
0.475395,0.165240,0.050290,REACHABLE
0.521243,0.181176,0.054892,REACHABLE
0.557160,0.193660,0.085410,REACHABLE
0.571327,0.198585,0.131802,REACHABLE
0.559085,0.194329,0.178804,REACHABLE
0.524459,0.182294,0.210952,REACHABLE
0.478845,0.166439,0.217667,REACHABLE
0.489289,0.170069,0.178132,REACHABLE
0.524995,0.182480,0.208925,REACHABLE
0.538843,0.187294,0.255425,REACHABLE
0.526278,0.182926,0.302332,REACHABLE
0.491433,0.170815,0.334212,REACHABLE
0.445773,0.154944,0.340576,REACHABLE
0.404322,0.140536,0.319330,REACHABLE
0.433753,0.150766,0.292601,REACHABLE
0.447282,0.155468,0.339206,REACHABLE
0.434394,0.150989,0.386015,REACHABLE
0.399331,0.138801,0.417626,REACHABLE
0.353629,0.122916,0.423638,REACHABLE
0.312325,0.108559,0.402073,REACHABLE
0.289008,0.100455,0.360027,REACHABLE
0.327506,0.113836,0.355113,REACHABLE
0.314298,0.109245,0.401822,REACHABLE
0.279018,0.096983,0.433162,REACHABLE
0.233276,0.081083,0.438822,REACHABLE
0.192121,0.066778,0.416940,REACHABLE
0.169094,0.058774,0.374716,REACHABLE
0.171772,0.059705,0.326042,REACHABLE
0.206360,0.071728,0.344599,REACHABLE
0.170867,0.059391,0.375667,REACHABLE
0.125087,0.043478,0.380975,REACHABLE
0.084083,0.029226,0.358777,REACHABLE
0.061346,0.021323,0.316376,REACHABLE
0.064358,0.022370,0.267724,REACHABLE
0.092128,0.032022,0.228828,REACHABLE
0.108902,0.037852,0.088011,REACHABLE
0.091123,0.031673,0.043034,REACHABLE
0.246706,0.085751,0.005889,REACHABLE
0.208849,0.072593,0.014775,REACHABLE
0.366525,0.127398,0.027546,REACHABLE
0.330385,0.114837,0.012667,REACHABLE
0.477313,0.165907,0.025706,REACHABLE
0.478820,0.166431,0.074436,REACHABLE
0.454786,0.158077,0.116027,REACHABLE
0.432544,0.150346,0.082399,REACHABLE
0.477680,0.166034,0.072713,REACHABLE
0.520418,0.180889,0.090879,REACHABLE
0.546696,0.190023,0.130919,REACHABLE
0.547868,0.190431,0.179660,REACHABLE
0.523549,0.181978,0.221064,REACHABLE
0.481739,0.167445,0.241509,REACHABLE
0.480893,0.167151,0.200466,REACHABLE
0.523505,0.181962,0.218961,REACHABLE
0.549508,0.191000,0.259202,REACHABLE
0.550345,0.191291,0.307951,REACHABLE
0.525742,0.182740,0.349167,REACHABLE
0.483793,0.168159,0.369289,REACHABLE
0.438301,0.152347,0.361697,REACHABLE
0.459136,0.159588,0.327073,REACHABLE
0.484861,0.168530,0.367514,REACHABLE
0.485363,0.168705,0.416268,REACHABLE
0.460477,0.160055,0.457293,REACHABLE
0.418391,0.145426,0.477092,REACHABLE
0.372953,0.129633,0.469150,REACHABLE
0.339112,0.117870,0.436080,REACHABLE
0.374604,0.130207,0.419546,REACHABLE
0.374772,0.130265,0.468302,REACHABLE
0.349605,0.121517,0.509135,REACHABLE
0.307384,0.106842,0.528609,REACHABLE
0.262001,0.091068,0.520317,REACHABLE
0.228388,0.079384,0.486988,REACHABLE
0.217605,0.075636,0.439586,REACHABLE
0.255792,0.088909,0.446715,REACHABLE
0.230345,0.080065,0.487353,REACHABLE
0.187992,0.065343,0.506501,REACHABLE
0.142667,0.049589,0.497860,REACHABLE
0.109284,0.037985,0.464273,REACHABLE
0.098826,0.034350,0.416790,REACHABLE
0.114735,0.039880,0.371035,REACHABLE
0.142746,0.049616,0.399423,REACHABLE
0.100262,0.034849,0.418245,REACHABLE
0.054998,0.019116,0.409255,REACHABLE
0.021846,0.007593,0.375412,REACHABLE
0.011715,0.004072,0.327850,REACHABLE
0.027937,0.009711,0.282218,REACHABLE
0.065176,0.022654,0.253531,REACHABLE
0.119838,0.041654,0.123933,REACHABLE
0.115158,0.040027,0.075429,REACHABLE
0.136423,0.047418,0.032181,REACHABLE
0.176637,0.061396,0.008420,REACHABLE
0.222569,0.077362,0.011962,REACHABLE
0.259106,0.090061,0.041643,REACHABLE
0.274227,0.095317,0.087697,REACHABLE
0.235563,0.081878,0.084565,REACHABLE
0.257125,0.089373,0.041483,REACHABLE
0.297501,0.103407,0.018031,REACHABLE
0.343408,0.119363,0.021927,REACHABLE
0.379740,0.131992,0.051889,REACHABLE
0.394544,0.137137,0.098058,REACHABLE
0.382948,0.133107,0.145244,REACHABLE
0.352443,0.122504,0.119899,REACHABLE
0.392980,0.136594,0.096759,REACHABLE
0.438859,0.152541,0.101009,REACHABLE
0.474984,0.165097,0.131249,REACHABLE
0.489470,0.170132,0.177531,REACHABLE
0.477550,0.165989,0.224626,REACHABLE
0.443147,0.154031,0.257039,REACHABLE
0.431084,0.149838,0.218024,REACHABLE
0.476932,0.165774,0.222626,REACHABLE
0.512849,0.178258,0.253144,REACHABLE
0.527017,0.183183,0.299536,REACHABLE
0.514774,0.178927,0.346539,REACHABLE
0.480149,0.166892,0.378686,REACHABLE
0.434534,0.151037,0.385401,REACHABLE
0.444978,0.154667,0.345866,REACHABLE
0.480684,0.167078,0.376660,REACHABLE
0.494533,0.171892,0.423160,REACHABLE
0.481967,0.167524,0.470066,REACHABLE
0.447122,0.155413,0.501946,REACHABLE
0.401462,0.139542,0.508310,REACHABLE
0.360011,0.125134,0.487064,REACHABLE
0.389442,0.135364,0.460335,REACHABLE
0.402971,0.140066,0.506940,REACHABLE
0.390084,0.135587,0.553749,REACHABLE
0.355021,0.123400,0.585360,REACHABLE
0.309318,0.107514,0.591372,REACHABLE
0.268014,0.093157,0.569808,REACHABLE
0.244697,0.085053,0.527762,REACHABLE
0.283195,0.098434,0.522848,REACHABLE
0.269987,0.093843,0.569556,REACHABLE
0.234708,0.081581,0.600896,REACHABLE
0.188965,0.065681,0.606556,REACHABLE
0.147810,0.051376,0.584674,REACHABLE
0.124783,0.043373,0.542450,REACHABLE
0.127461,0.044303,0.493776,REACHABLE
0.162050,0.056326,0.512333,REACHABLE
0.126556,0.043989,0.543401,REACHABLE
0.080776,0.028076,0.548709,REACHABLE
0.039772,0.013824,0.526511,REACHABLE
0.017036,0.005921,0.484110,REACHABLE
0.020048,0.006968,0.435458,REACHABLE
0.047817,0.016620,0.396562,REACHABLE
0.066838,0.023232,0.432336,REACHABLE
0.021023,0.007307,0.437292,REACHABLE
-0.019828,-0.006892,0.414778,REACHABLE
-0.042272,-0.014693,0.372204,REACHABLE
-0.038926,-0.013530,0.323576,REACHABLE
-0.010890,-0.003785,0.284895,REACHABLE
0.032611,0.011335,0.268887,REACHABLE
0.120454,0.041868,0.161669,REACHABLE
0.129275,0.044934,0.113815,REACHABLE
0.161483,0.056129,0.078965,REACHABLE
0.206481,0.071770,0.068585,REACHABLE
0.249464,0.086710,0.086091,REACHABLE
0.276289,0.096034,0.125722,REACHABLE
0.278131,0.096674,0.174440,REACHABLE
0.241990,0.084112,0.159561,REACHABLE
0.274437,0.095390,0.124960,REACHABLE
0.319505,0.111055,0.114927,REACHABLE
0.362367,0.125953,0.132763,REACHABLE
0.388919,0.135182,0.172600,REACHABLE
0.390426,0.135706,0.221331,REACHABLE
0.366391,0.127352,0.262921,REACHABLE
0.344150,0.119621,0.229293,REACHABLE
0.389286,0.135310,0.219607,REACHABLE
0.432024,0.150165,0.237773,REACHABLE
0.458302,0.159299,0.277813,REACHABLE
0.459474,0.159706,0.326554,REACHABLE
0.435154,0.151253,0.367958,REACHABLE
0.393345,0.136721,0.388403,REACHABLE
0.392499,0.136427,0.347360,REACHABLE
0.435111,0.151238,0.365855,REACHABLE
0.461113,0.160276,0.406096,REACHABLE
0.461951,0.160567,0.454845,REACHABLE
0.437347,0.152015,0.496061,REACHABLE
0.395398,0.137434,0.516183,REACHABLE
0.349906,0.121622,0.508591,REACHABLE
0.370741,0.128864,0.473967,REACHABLE
0.396466,0.137806,0.514408,REACHABLE
0.396969,0.137980,0.563162,REACHABLE
0.372083,0.129330,0.604187,REACHABLE
0.329997,0.114702,0.623986,REACHABLE
0.284558,0.098908,0.616044,REACHABLE
0.250717,0.087145,0.582974,REACHABLE
0.286210,0.099482,0.566440,REACHABLE
0.286377,0.099540,0.615196,REACHABLE
0.261211,0.090793,0.656029,REACHABLE
0.218990,0.076117,0.675503,REACHABLE
0.173607,0.060343,0.667211,REACHABLE
0.139994,0.048660,0.633882,REACHABLE
0.129210,0.044911,0.586481,REACHABLE
0.167398,0.058185,0.593609,REACHABLE
0.141951,0.049340,0.634247,REACHABLE
0.099598,0.034619,0.653396,REACHABLE
0.054273,0.018864,0.644755,REACHABLE
0.020889,0.007261,0.611167,REACHABLE
0.010432,0.003626,0.563684,REACHABLE
0.026340,0.009156,0.517929,REACHABLE
0.054351,0.018892,0.546317,REACHABLE
0.011867,0.004125,0.565139,REACHABLE
-0.033397,-0.011608,0.556150,REACHABLE
-0.066548,-0.023131,0.522306,REACHABLE
-0.076680,-0.026653,0.474744,REACHABLE
-0.060457,-0.021014,0.429112,REACHABLE
-0.023219,-0.008070,0.400425,REACHABLE
-0.014826,-0.005153,0.440504,REACHABLE
-0.060027,-0.020865,0.431166,REACHABLE
-0.092945,-0.032306,0.397068,REACHABLE
-0.102750,-0.035714,0.349430,REACHABLE
-0.086214,-0.029967,0.303924,REACHABLE
-0.048780,-0.016955,0.275525,REACHABLE
-0.002762,-0.000960,0.273575,REACHABLE
0.110697,0.038477,0.197969,REACHABLE
0.132259,0.045971,0.154886,REACHABLE
0.172636,0.060006,0.131435,REACHABLE
0.218542,0.075962,0.135331,REACHABLE
0.254874,0.088590,0.165293,REACHABLE
0.269678,0.093736,0.211462,REACHABLE
0.258082,0.089705,0.258647,REACHABLE
0.227578,0.079103,0.233303,REACHABLE
0.268115,0.093192,0.210163,REACHABLE
0.313993,0.109139,0.214412,REACHABLE
0.350118,0.121696,0.244653,REACHABLE
0.364604,0.126731,0.290934,REACHABLE
0.352685,0.122588,0.338030,REACHABLE
0.318281,0.110630,0.370443,REACHABLE
0.306218,0.106437,0.331427,REACHABLE
0.352067,0.122373,0.336030,REACHABLE
0.387983,0.134857,0.366548,REACHABLE
0.402151,0.139782,0.412940,REACHABLE
0.389908,0.135526,0.459942,REACHABLE
0.355283,0.123491,0.492090,REACHABLE
0.309668,0.107636,0.498805,REACHABLE
0.320112,0.111266,0.459270,REACHABLE
0.355818,0.123677,0.490063,REACHABLE
0.369667,0.128491,0.536563,REACHABLE
0.357102,0.124123,0.583470,REACHABLE
0.322257,0.112011,0.615350,REACHABLE
0.276597,0.096141,0.621714,REACHABLE
0.235145,0.081733,0.600468,REACHABLE
0.264576,0.091963,0.573738,REACHABLE
0.278105,0.096665,0.620344,REACHABLE
0.265218,0.092186,0.667153,REACHABLE
0.230155,0.079998,0.698763,REACHABLE
0.184453,0.064113,0.704776,REACHABLE
0.143148,0.049756,0.683211,REACHABLE
0.119832,0.041652,0.641165,REACHABLE
0.158330,0.055033,0.636251,REACHABLE
0.145121,0.050442,0.682959,REACHABLE
0.109842,0.038179,0.714300,REACHABLE
0.064100,0.022280,0.719960,REACHABLE
0.022944,0.007975,0.698078,REACHABLE
-0.000083,-0.000029,0.655853,REACHABLE
0.002595,0.000902,0.607179,REACHABLE
0.037184,0.012925,0.625737,REACHABLE
0.001690,0.000588,0.656805,REACHABLE
-0.044090,-0.015325,0.662113,REACHABLE
-0.085094,-0.029577,0.639914,REACHABLE
-0.107830,-0.037480,0.597514,REACHABLE
-0.104818,-0.036433,0.548862,REACHABLE
-0.077049,-0.026781,0.509966,REACHABLE
-0.058028,-0.020170,0.545740,REACHABLE
-0.103843,-0.036094,0.550695,REACHABLE
-0.144693,-0.050293,0.528182,REACHABLE
-0.167138,-0.058095,0.485608,REACHABLE
-0.163792,-0.056931,0.436980,REACHABLE
-0.135756,-0.047187,0.398299,REACHABLE
-0.092255,-0.032066,0.382291,REACHABLE
-0.095213,-0.033095,0.423224,REACHABLE
-0.135907,-0.047239,0.400397,REACHABLE
-0.158059,-0.054939,0.357650,REACHABLE
-0.154379,-0.053660,0.309050,REACHABLE
-0.126078,-0.043823,0.270586,REACHABLE
-0.082468,-0.028665,0.254913,REACHABLE
-0.037898,-0.013173,0.267190,REACHABLE
0.091407,0.031772,0.229708,REACHABLE
0.123853,0.043050,0.195107,REACHABLE
0.168922,0.058715,0.185074,REACHABLE
0.211783,0.073613,0.202910,REACHABLE
0.238336,0.082842,0.242747,REACHABLE
0.239842,0.083366,0.291477,REACHABLE
0.215808,0.075012,0.333068,REACHABLE
0.193566,0.067281,0.299440,REACHABLE
0.238702,0.082969,0.289754,REACHABLE
0.281440,0.097824,0.307920,REACHABLE
0.307718,0.106958,0.347960,REACHABLE
0.308890,0.107366,0.396701,REACHABLE
0.284571,0.098912,0.438105,REACHABLE
0.242761,0.084380,0.458550,REACHABLE
0.241916,0.084086,0.417507,REACHABLE
0.284528,0.098897,0.436001,REACHABLE
0.310530,0.107935,0.476243,REACHABLE
0.311367,0.108226,0.524992,REACHABLE
0.286764,0.099675,0.566207,REACHABLE
0.244815,0.085094,0.586330,REACHABLE
0.199323,0.069282,0.578737,REACHABLE
0.220158,0.076523,0.544114,REACHABLE
0.245883,0.085465,0.584555,REACHABLE
0.246385,0.085640,0.633309,REACHABLE
0.221499,0.076990,0.674334,REACHABLE
0.179414,0.062361,0.694133,REACHABLE
0.133975,0.046568,0.686190,REACHABLE
0.100134,0.034805,0.653121,REACHABLE
0.135627,0.047142,0.636587,REACHABLE
0.135794,0.047200,0.685343,REACHABLE
0.110627,0.038452,0.726176,REACHABLE
0.068406,0.023777,0.745650,REACHABLE
0.023023,0.008003,0.737358,REACHABLE
-0.010590,-0.003681,0.704028,REACHABLE
-0.021373,-0.007429,0.656627,REACHABLE
0.016814,0.005844,0.663756,REACHABLE
-0.008632,-0.003001,0.704394,REACHABLE
-0.050986,-0.017722,0.723542,REACHABLE
-0.096311,-0.033476,0.714901,REACHABLE
-0.129694,-0.045080,0.681314,REACHABLE
-0.140152,-0.048715,0.633831,REACHABLE
-0.124243,-0.043185,0.588076,REACHABLE
-0.096232,-0.033449,0.616464,REACHABLE
-0.138716,-0.048216,0.635286,REACHABLE
-0.183980,-0.063949,0.626296,REACHABLE
-0.217132,-0.075472,0.592453,REACHABLE
-0.227263,-0.078993,0.544890,REACHABLE
-0.211041,-0.073355,0.499259,REACHABLE
-0.173802,-0.060411,0.470572,REACHABLE
-0.165409,-0.057494,0.510651,REACHABLE
-0.210611,-0.073205,0.501313,REACHABLE
-0.243529,-0.084647,0.467215,REACHABLE
-0.253333,-0.088055,0.419576,REACHABLE
-0.236798,-0.082307,0.374071,REACHABLE
-0.199363,-0.069296,0.345671,REACHABLE
-0.153346,-0.053301,0.343722,REACHABLE
-0.167400,-0.058186,0.381983,REACHABLE
-0.200083,-0.069546,0.347632,REACHABLE
-0.209560,-0.072840,0.299919,REACHABLE
-0.192713,-0.066984,0.254542,REACHABLE
-0.155084,-0.053905,0.226432,REACHABLE
-0.109055,-0.037906,0.224836,REACHABLE
-0.069770,-0.024251,0.250281,REACHABLE
0.064245,0.022330,0.254151,REACHABLE
0.104781,0.036420,0.231012,REACHABLE
0.150660,0.052367,0.235261,REACHABLE
0.186785,0.064924,0.265502,REACHABLE
0.201271,0.069959,0.311783,REACHABLE
0.189352,0.065816,0.358879,REACHABLE
0.154948,0.053858,0.391292,REACHABLE
0.142885,0.049665,0.352276,REACHABLE
0.188733,0.065601,0.356879,REACHABLE
0.224650,0.078085,0.387397,REACHABLE
0.238818,0.083009,0.433789,REACHABLE
0.226575,0.078754,0.480791,REACHABLE
0.191950,0.066719,0.512938,REACHABLE
0.146335,0.050864,0.519654,REACHABLE
0.156779,0.054494,0.480118,REACHABLE
0.192485,0.066905,0.510912,REACHABLE
0.206334,0.071718,0.557412,REACHABLE
0.193769,0.067351,0.604319,REACHABLE
0.158923,0.055239,0.636199,REACHABLE
0.113264,0.039369,0.642563,REACHABLE
0.071812,0.024961,0.621317,REACHABLE
0.101243,0.035191,0.594587,REACHABLE
0.114772,0.039893,0.641193,REACHABLE
0.101885,0.035414,0.688001,REACHABLE
0.066822,0.023226,0.719612,REACHABLE
0.021119,0.007341,0.725625,REACHABLE
-0.020185,-0.007016,0.704060,REACHABLE
-0.043501,-0.015120,0.662014,REACHABLE
-0.005003,-0.001739,0.657100,REACHABLE
-0.018212,-0.006330,0.703808,REACHABLE
-0.053491,-0.018593,0.735148,REACHABLE
-0.099234,-0.034492,0.740809,REACHABLE
-0.140389,-0.048797,0.718927,REACHABLE
-0.163416,-0.056801,0.676702,REACHABLE
-0.160738,-0.055870,0.628028,REACHABLE
-0.126149,-0.043848,0.646586,REACHABLE
-0.161643,-0.056185,0.677654,REACHABLE
-0.207423,-0.072097,0.682962,REACHABLE
-0.248427,-0.086349,0.660763,REACHABLE
-0.271163,-0.094252,0.618363,REACHABLE
-0.268151,-0.093205,0.569711,REACHABLE
-0.240382,-0.083553,0.530815,REACHABLE
-0.221361,-0.076942,0.566589,REACHABLE
-0.267176,-0.092866,0.571544,REACHABLE
-0.308026,-0.107065,0.549031,REACHABLE
-0.330471,-0.114867,0.506456,REACHABLE
-0.327125,-0.113704,0.457829,REACHABLE
-0.299089,-0.103959,0.419148,REACHABLE
-0.255588,-0.088838,0.403140,REACHABLE
-0.258546,-0.089867,0.444073,REACHABLE
-0.299240,-0.104011,0.421246,REACHABLE
-0.321392,-0.111711,0.378499,REACHABLE
-0.317712,-0.110432,0.329899,REACHABLE
-0.289411,-0.100595,0.291434,REACHABLE
-0.245801,-0.085437,0.275762,REACHABLE
-0.201231,-0.069945,0.288038,REACHABLE
-0.225171,-0.078266,0.320333,REACHABLE
-0.247028,-0.085863,0.277417,REACHABLE
-0.243014,-0.084468,0.228846,REACHABLE
-0.214450,-0.074540,0.190601,REACHABLE
-0.170734,-0.059344,0.175265,REACHABLE
-0.126249,-0.043882,0.187884,REACHABLE
-0.095633,-0.033241,0.224306,REACHABLE
0.022817,0.018041,0.019724,REACHABLE
-0.013822,-0.010929,0.005741,REACHABLE
0.421790,0.333508,0.013276,REACHABLE
0.393035,0.310772,0.045423,REACHABLE
0.355154,0.280820,0.052139,REACHABLE
0.363828,0.287678,0.012603,REACHABLE
0.393480,0.311123,0.043397,REACHABLE
0.404980,0.320217,0.089897,REACHABLE
0.394545,0.311966,0.136803,REACHABLE
0.365608,0.289086,0.168683,REACHABLE
0.327690,0.259104,0.175047,REACHABLE
0.293267,0.231885,0.153802,REACHABLE
0.317708,0.251211,0.127072,REACHABLE
0.328943,0.260094,0.173677,REACHABLE
0.318241,0.251632,0.220486,REACHABLE
0.289123,0.228608,0.252097,REACHABLE
0.251169,0.198599,0.258109,REACHABLE
0.216868,0.171477,0.236545,REACHABLE
0.197505,0.156166,0.194499,REACHABLE
0.229475,0.181446,0.189585,REACHABLE
0.218506,0.172772,0.236293,REACHABLE
0.189209,0.149607,0.267633,REACHABLE
0.151222,0.119571,0.273293,REACHABLE
0.117045,0.092547,0.251412,REACHABLE
0.097922,0.077427,0.209187,REACHABLE
0.100146,0.079185,0.160513,REACHABLE
0.050360,0.039820,0.033563,REACHABLE
0.018483,0.014615,0.006622,REACHABLE
0.451997,0.357393,0.005531,REACHABLE
0.431800,0.341424,0.046935,REACHABLE
0.397080,0.313970,0.067379,REACHABLE
0.396377,0.313415,0.026337,REACHABLE
0.431764,0.341395,0.044831,REACHABLE
0.453358,0.358469,0.085073,REACHABLE
0.454053,0.359019,0.133821,REACHABLE
0.433622,0.342863,0.175037,REACHABLE
0.398785,0.315318,0.195159,REACHABLE
0.361006,0.285447,0.187567,REACHABLE
0.378308,0.299128,0.152944,REACHABLE
0.399672,0.316020,0.193385,REACHABLE
0.400089,0.316350,0.242138,REACHABLE
0.379423,0.300009,0.283164,REACHABLE
0.344473,0.272374,0.302962,REACHABLE
0.306738,0.242537,0.295020,REACHABLE
0.278635,0.220316,0.261950,REACHABLE
0.308110,0.243622,0.245417,REACHABLE
0.308249,0.243731,0.294173,REACHABLE
0.287349,0.227206,0.335005,REACHABLE
0.252287,0.199482,0.354480,REACHABLE
0.214598,0.169682,0.346188,REACHABLE
0.186684,0.147611,0.312858,REACHABLE
0.177729,0.140530,0.265457,REACHABLE
0.209442,0.165605,0.272586,REACHABLE
0.188310,0.148896,0.313224,REACHABLE
0.153137,0.121085,0.332372,REACHABLE
0.115497,0.091324,0.323731,REACHABLE
0.087774,0.069403,0.290144,REACHABLE
0.079090,0.062536,0.242661,REACHABLE
0.092301,0.072982,0.196905,REACHABLE
0.073566,0.058169,0.056998,REACHABLE
0.049197,0.038900,0.019421,REACHABLE
0.443278,0.350499,0.009797,REACHABLE
0.433379,0.342672,0.056892,REACHABLE
0.404809,0.320082,0.089305,REACHABLE
0.394791,0.312161,0.050290,REACHABLE
0.432866,0.342266,0.054892,REACHABLE
0.462693,0.365850,0.085410,REACHABLE
0.474459,0.375153,0.131802,REACHABLE
0.464292,0.367114,0.178804,REACHABLE
0.435537,0.344378,0.210952,REACHABLE
0.397656,0.314426,0.217667,REACHABLE
0.406330,0.321284,0.178132,REACHABLE
0.435982,0.344730,0.208925,REACHABLE
0.447482,0.353823,0.255425,REACHABLE
0.437047,0.345572,0.302332,REACHABLE
0.408110,0.322692,0.334212,REACHABLE
0.370192,0.292710,0.340576,REACHABLE
0.335769,0.265492,0.319330,REACHABLE
0.360210,0.284817,0.292601,REACHABLE
0.371445,0.293701,0.339206,REACHABLE
0.360743,0.285238,0.386015,REACHABLE
0.331625,0.262215,0.417626,REACHABLE
0.293671,0.232205,0.423638,REACHABLE
0.259370,0.205083,0.402073,REACHABLE
0.240007,0.189773,0.360027,REACHABLE
0.271977,0.215052,0.355113,REACHABLE
0.261008,0.206379,0.401822,REACHABLE
0.231711,0.183213,0.433162,REACHABLE
0.193724,0.153177,0.438822,REACHABLE
0.159547,0.126153,0.416940,REACHABLE
0.140424,0.111033,0.374716,REACHABLE
0.142648,0.112791,0.326042,REACHABLE
0.171372,0.135503,0.344599,REACHABLE
0.141896,0.112197,0.375667,REACHABLE
0.103878,0.082136,0.380975,REACHABLE
0.069826,0.055212,0.358777,REACHABLE
0.050945,0.040282,0.316376,REACHABLE
0.053446,0.042260,0.267724,REACHABLE
0.076508,0.060494,0.228828,REACHABLE
0.090437,0.071508,0.088011,REACHABLE
0.075673,0.059834,0.043034,REACHABLE
0.204877,0.161996,0.005889,REACHABLE
0.173438,0.137137,0.014775,REACHABLE
0.304381,0.240673,0.027546,REACHABLE
0.274368,0.216942,0.012667,REACHABLE
0.396385,0.313420,0.025706,REACHABLE
0.397636,0.314410,0.074436,REACHABLE
0.377677,0.298628,0.116027,REACHABLE
0.359206,0.284023,0.082399,REACHABLE
0.396689,0.313661,0.072713,REACHABLE
0.432181,0.341724,0.090879,REACHABLE
0.454004,0.358980,0.130919,REACHABLE
0.454977,0.359749,0.179660,REACHABLE
0.434781,0.343780,0.221064,REACHABLE
0.400060,0.316327,0.241509,REACHABLE
0.399358,0.315771,0.200466,REACHABLE
0.434745,0.343752,0.218961,REACHABLE
0.456338,0.360826,0.259202,REACHABLE
0.457034,0.361375,0.307951,REACHABLE
0.436602,0.345220,0.349167,REACHABLE
0.401766,0.317675,0.369289,REACHABLE
0.363987,0.287803,0.361697,REACHABLE
0.381289,0.301484,0.327073,REACHABLE
0.402652,0.318376,0.367514,REACHABLE
0.403070,0.318706,0.416268,REACHABLE
0.382403,0.302365,0.457293,REACHABLE
0.347453,0.274730,0.477092,REACHABLE
0.309718,0.244894,0.469150,REACHABLE
0.281615,0.222672,0.436080,REACHABLE
0.311090,0.245978,0.419546,REACHABLE
0.311229,0.246088,0.468302,REACHABLE
0.290329,0.229563,0.509135,REACHABLE
0.255267,0.201839,0.528609,REACHABLE
0.217579,0.172039,0.520317,REACHABLE
0.189665,0.149967,0.486988,REACHABLE
0.180710,0.142887,0.439586,REACHABLE
0.212422,0.167962,0.446715,REACHABLE
0.191290,0.151253,0.487353,REACHABLE
0.156118,0.123442,0.506501,REACHABLE
0.118478,0.093680,0.497860,REACHABLE
0.090755,0.071760,0.464273,REACHABLE
0.082070,0.064893,0.416790,REACHABLE
0.095281,0.075339,0.371035,REACHABLE
0.118543,0.093732,0.399423,REACHABLE
0.083262,0.065835,0.418245,REACHABLE
0.045673,0.036113,0.409255,REACHABLE
0.018142,0.014345,0.375412,REACHABLE
0.009728,0.007692,0.327850,REACHABLE
0.023200,0.018344,0.282218,REACHABLE
0.054125,0.042797,0.253531,REACHABLE
0.099520,0.078690,0.123933,REACHABLE
0.095632,0.075616,0.075429,REACHABLE
0.113292,0.089580,0.032181,REACHABLE
0.146688,0.115986,0.008420,REACHABLE
0.184833,0.146147,0.011962,REACHABLE
0.215175,0.170138,0.041643,REACHABLE
0.227731,0.180067,0.087697,REACHABLE
0.195623,0.154679,0.084565,REACHABLE
0.213529,0.168837,0.041483,REACHABLE
0.247060,0.195350,0.018031,REACHABLE
0.285183,0.225493,0.021927,REACHABLE
0.315355,0.249350,0.051889,REACHABLE
0.327649,0.259071,0.098058,REACHABLE
0.318019,0.251457,0.145244,REACHABLE
0.292687,0.231426,0.119899,REACHABLE
0.326350,0.258044,0.096759,REACHABLE
0.364450,0.288170,0.101009,REACHABLE
0.394450,0.311891,0.131249,REACHABLE
0.406480,0.321403,0.177531,REACHABLE
0.396582,0.313576,0.224626,REACHABLE
0.368011,0.290986,0.257039,REACHABLE
0.357994,0.283065,0.218024,REACHABLE
0.396068,0.313170,0.222626,REACHABLE
0.425895,0.336754,0.253144,REACHABLE
0.437661,0.346057,0.299536,REACHABLE
0.427494,0.338018,0.346539,REACHABLE
0.398739,0.315282,0.378686,REACHABLE
0.360858,0.285330,0.385401,REACHABLE
0.369532,0.292188,0.345866,REACHABLE
0.399184,0.315634,0.376660,REACHABLE
0.410684,0.324727,0.423160,REACHABLE
0.400250,0.316476,0.470066,REACHABLE
0.371312,0.293596,0.501946,REACHABLE
0.333394,0.263614,0.508310,REACHABLE
0.298971,0.236396,0.487064,REACHABLE
0.323412,0.255721,0.460335,REACHABLE
0.334647,0.264605,0.506940,REACHABLE
0.323945,0.256142,0.553749,REACHABLE
0.294827,0.233119,0.585360,REACHABLE
0.256873,0.203109,0.591372,REACHABLE
0.222572,0.175987,0.569808,REACHABLE
0.203209,0.160677,0.527762,REACHABLE
0.235179,0.185956,0.522848,REACHABLE
0.224211,0.177283,0.569556,REACHABLE
0.194913,0.154117,0.600896,REACHABLE
0.156926,0.124081,0.606556,REACHABLE
0.122749,0.097057,0.584674,REACHABLE
0.103626,0.081937,0.542450,REACHABLE
0.105850,0.083695,0.493776,REACHABLE
0.134574,0.106407,0.512333,REACHABLE
0.105098,0.083101,0.543401,REACHABLE
0.067080,0.053040,0.548709,REACHABLE
0.033029,0.026116,0.526511,REACHABLE
0.014147,0.011186,0.484110,REACHABLE
0.016649,0.013164,0.435458,REACHABLE
0.039710,0.031398,0.396562,REACHABLE
0.055506,0.043888,0.432336,REACHABLE
0.017458,0.013804,0.437292,REACHABLE
-0.016466,-0.013020,0.414778,REACHABLE
-0.035105,-0.027757,0.372204,REACHABLE
-0.032326,-0.025560,0.323576,REACHABLE
-0.009044,-0.007151,0.284895,REACHABLE
0.027082,0.021413,0.268887,REACHABLE
0.100031,0.079095,0.161669,REACHABLE
0.107356,0.084886,0.113815,REACHABLE
0.134103,0.106035,0.078965,REACHABLE
0.171472,0.135582,0.068585,REACHABLE
0.207167,0.163806,0.086091,REACHABLE
0.229444,0.181421,0.125722,REACHABLE
0.230973,0.182630,0.174440,REACHABLE
0.200961,0.158899,0.159561,REACHABLE
0.227906,0.180205,0.124960,REACHABLE
0.265333,0.209798,0.114927,REACHABLE
0.300927,0.237942,0.132763,REACHABLE
0.322978,0.255378,0.172600,REACHABLE
0.324229,0.256367,0.221331,REACHABLE
0.304270,0.240585,0.262921,REACHABLE
0.285799,0.225981,0.229293,REACHABLE
0.323282,0.255618,0.219607,REACHABLE
0.358774,0.283682,0.237773,REACHABLE
0.380597,0.300937,0.277813,REACHABLE
0.381570,0.301706,0.326554,REACHABLE
0.361374,0.285737,0.367958,REACHABLE
0.326653,0.258284,0.388403,REACHABLE
0.325951,0.257728,0.347360,REACHABLE
0.361338,0.285709,0.365855,REACHABLE
0.382931,0.302783,0.406096,REACHABLE
0.383627,0.303333,0.454845,REACHABLE
0.363195,0.287177,0.496061,REACHABLE
0.328358,0.259632,0.516183,REACHABLE
0.290580,0.229761,0.508591,REACHABLE
0.307882,0.243441,0.473967,REACHABLE
0.329245,0.260333,0.514408,REACHABLE
0.329662,0.260663,0.563162,REACHABLE
0.308996,0.244322,0.604187,REACHABLE
0.274046,0.216687,0.623986,REACHABLE
0.236311,0.186851,0.616044,REACHABLE
0.208208,0.164630,0.582974,REACHABLE
0.237683,0.187935,0.566440,REACHABLE
0.237822,0.188045,0.615196,REACHABLE
0.216922,0.171520,0.656029,REACHABLE
0.181860,0.143796,0.675503,REACHABLE
0.144172,0.113996,0.667211,REACHABLE
0.116258,0.091925,0.633882,REACHABLE
0.107302,0.084844,0.586481,REACHABLE
0.139015,0.109919,0.593609,REACHABLE
0.117883,0.093210,0.634247,REACHABLE
0.082711,0.065399,0.653396,REACHABLE
0.045071,0.035637,0.644755,REACHABLE
0.017348,0.013717,0.611167,REACHABLE
0.008663,0.006850,0.563684,REACHABLE
0.021874,0.017296,0.517929,REACHABLE
0.045136,0.035689,0.546317,REACHABLE
0.009855,0.007793,0.565139,REACHABLE
-0.027734,-0.021930,0.556150,REACHABLE
-0.055265,-0.043698,0.522306,REACHABLE
-0.063679,-0.050351,0.474744,REACHABLE
-0.050207,-0.039698,0.429112,REACHABLE
-0.019282,-0.015246,0.400425,REACHABLE
-0.012312,-0.009735,0.440504,REACHABLE
-0.049849,-0.039416,0.431166,REACHABLE
-0.077186,-0.061031,0.397068,REACHABLE
-0.085328,-0.067469,0.349430,REACHABLE
-0.071597,-0.056611,0.303924,REACHABLE
-0.040509,-0.032030,0.275525,REACHABLE
-0.002294,-0.001814,0.273575,REACHABLE
0.091929,0.072688,0.197969,REACHABLE
0.109835,0.086846,0.154886,REACHABLE
0.143365,0.113359,0.131435,REACHABLE
0.181488,0.143502,0.135331,REACHABLE
0.211660,0.167359,0.165293,REACHABLE
0.223954,0.177080,0.211462,REACHABLE
0.214324,0.169466,0.258647,REACHABLE
0.188992,0.149435,0.233303,REACHABLE
0.222656,0.176053,0.210163,REACHABLE
0.260755,0.206179,0.214412,REACHABLE
0.290756,0.229900,0.244653,REACHABLE
0.302786,0.239412,0.290934,REACHABLE
0.292887,0.231585,0.338030,REACHABLE
0.264317,0.208995,0.370443,REACHABLE
0.254299,0.201074,0.331427,REACHABLE
0.292374,0.231179,0.336030,REACHABLE
0.322201,0.254763,0.366548,REACHABLE
0.333966,0.264066,0.412940,REACHABLE
0.323799,0.256027,0.459942,REACHABLE
0.295045,0.233291,0.492090,REACHABLE
0.257164,0.203339,0.498805,REACHABLE
0.265837,0.210197,0.459270,REACHABLE
0.295489,0.233643,0.490063,REACHABLE
0.306990,0.242736,0.536563,REACHABLE
0.296555,0.234485,0.583470,REACHABLE
0.267618,0.211605,0.615350,REACHABLE
0.229700,0.181623,0.621714,REACHABLE
0.195276,0.154404,0.600468,REACHABLE
0.219717,0.173730,0.573738,REACHABLE
0.230952,0.182613,0.620344,REACHABLE
0.220250,0.174151,0.667153,REACHABLE
0.191132,0.151128,0.698763,REACHABLE
0.153179,0.121118,0.704776,REACHABLE
0.118877,0.093996,0.683211,REACHABLE
0.099514,0.078686,0.641165,REACHABLE
0.131485,0.103965,0.636251,REACHABLE
0.120516,0.095292,0.682959,REACHABLE
0.091218,0.072126,0.714300,REACHABLE
0.053231,0.042090,0.719960,REACHABLE
0.019054,0.015066,0.698078,REACHABLE
-0.000069,-0.000054,0.655853,REACHABLE
0.002155,0.001704,0.607179,REACHABLE
0.030879,0.024416,0.625737,REACHABLE
0.001404,0.001110,0.656805,REACHABLE
-0.036614,-0.028951,0.662113,REACHABLE
-0.070666,-0.055875,0.639914,REACHABLE
-0.089547,-0.070805,0.597514,REACHABLE
-0.087046,-0.068827,0.548862,REACHABLE
-0.063985,-0.050593,0.509966,REACHABLE
-0.048189,-0.038103,0.545740,REACHABLE
-0.086236,-0.068187,0.550695,REACHABLE
-0.120160,-0.095011,0.528182,REACHABLE
-0.138799,-0.109748,0.485608,REACHABLE
-0.136021,-0.107551,0.436980,REACHABLE
-0.112738,-0.089142,0.398299,REACHABLE
-0.076613,-0.060578,0.382291,REACHABLE
-0.079069,-0.062520,0.423224,REACHABLE
-0.112864,-0.089241,0.400397,REACHABLE
-0.131260,-0.103787,0.357650,REACHABLE
-0.128204,-0.101370,0.309050,REACHABLE
-0.104701,-0.082787,0.270586,REACHABLE
-0.068486,-0.054151,0.254913,REACHABLE
-0.031472,-0.024885,0.267190,REACHABLE
0.075909,0.060021,0.229708,REACHABLE
0.102854,0.081326,0.195107,REACHABLE
0.140281,0.110920,0.185074,REACHABLE
0.175875,0.139064,0.202910,REACHABLE
0.197926,0.156499,0.242747,REACHABLE
0.199177,0.157489,0.291477,REACHABLE
0.179218,0.141707,0.333068,REACHABLE
0.160747,0.127102,0.299440,REACHABLE
0.198230,0.156740,0.289754,REACHABLE
0.233722,0.184803,0.307920,REACHABLE
0.255545,0.202058,0.347960,REACHABLE
0.256518,0.202828,0.396701,REACHABLE
0.236322,0.186859,0.438105,REACHABLE
0.201601,0.159406,0.458550,REACHABLE
0.200899,0.158850,0.417507,REACHABLE
0.236286,0.186831,0.436001,REACHABLE
0.257879,0.203905,0.476243,REACHABLE
0.258575,0.204454,0.524992,REACHABLE
0.238143,0.188299,0.566207,REACHABLE
0.203307,0.160754,0.586330,REACHABLE
0.165528,0.130882,0.578737,REACHABLE
0.182830,0.144563,0.544114,REACHABLE
0.204193,0.161455,0.584555,REACHABLE
0.204610,0.161785,0.633309,REACHABLE
0.183944,0.145444,0.674334,REACHABLE
0.148994,0.117809,0.694133,REACHABLE
0.111259,0.087972,0.686190,REACHABLE
0.083156,0.065751,0.653121,REACHABLE
0.112631,0.089057,0.636587,REACHABLE
0.112770,0.089167,0.685343,REACHABLE
0.091870,0.072642,0.726176,REACHABLE
0.056808,0.044918,0.745650,REACHABLE
0.019120,0.015118,0.737358,REACHABLE
-0.008794,-0.006954,0.704028,REACHABLE
-0.017750,-0.014035,0.656627,REACHABLE
0.013963,0.011041,0.663756,REACHABLE
-0.007169,-0.005668,0.704394,REACHABLE
-0.042341,-0.033479,0.723542,REACHABLE
-0.079981,-0.063241,0.714901,REACHABLE
-0.107704,-0.085162,0.681314,REACHABLE
-0.116389,-0.092028,0.633831,REACHABLE
-0.103178,-0.081582,0.588076,REACHABLE
-0.079916,-0.063189,0.616464,REACHABLE
-0.115197,-0.091086,0.635286,REACHABLE
-0.152786,-0.120808,0.626296,REACHABLE
-0.180317,-0.142576,0.592453,REACHABLE
-0.188731,-0.149229,0.544890,REACHABLE
-0.175259,-0.138577,0.499259,REACHABLE
-0.144334,-0.114124,0.470572,REACHABLE
-0.137364,-0.108613,0.510651,REACHABLE
-0.174901,-0.138294,0.501313,REACHABLE
-0.202238,-0.159909,0.467215,REACHABLE
-0.210380,-0.166347,0.419576,REACHABLE
-0.196649,-0.155489,0.374071,REACHABLE
-0.165561,-0.130909,0.345671,REACHABLE
-0.127346,-0.100692,0.343722,REACHABLE
-0.139017,-0.109921,0.381983,REACHABLE
-0.166159,-0.131382,0.347632,REACHABLE
-0.174029,-0.137604,0.299919,REACHABLE
-0.160038,-0.126542,0.254542,REACHABLE
-0.128789,-0.101833,0.226432,REACHABLE
-0.090564,-0.071609,0.224836,REACHABLE
-0.057940,-0.045813,0.250281,REACHABLE
0.053352,0.042185,0.254151,REACHABLE
0.087016,0.068803,0.231012,REACHABLE
0.125115,0.098929,0.235261,REACHABLE
0.155116,0.122650,0.265502,REACHABLE
0.167146,0.132162,0.311783,REACHABLE
0.157247,0.124335,0.358879,REACHABLE
0.128677,0.101744,0.391292,REACHABLE
0.118659,0.093823,0.352276,REACHABLE
0.156734,0.123929,0.356879,REACHABLE
0.186561,0.147513,0.387397,REACHABLE
0.198326,0.156816,0.433789,REACHABLE
0.188159,0.148777,0.480791,REACHABLE
0.159405,0.126041,0.512938,REACHABLE
0.121524,0.096089,0.519654,REACHABLE
0.130197,0.102947,0.480118,REACHABLE
0.159849,0.126392,0.510912,REACHABLE
0.171350,0.135486,0.557412,REACHABLE
0.160915,0.127235,0.604319,REACHABLE
0.131978,0.104355,0.636199,REACHABLE
0.094060,0.074373,0.642563,REACHABLE
0.059636,0.047154,0.621317,REACHABLE
0.084077,0.066480,0.594587,REACHABLE
0.095312,0.075363,0.641193,REACHABLE
0.084610,0.066901,0.688001,REACHABLE
0.055492,0.043877,0.719612,REACHABLE
0.017539,0.013868,0.725625,REACHABLE
-0.016763,-0.013254,0.704060,REACHABLE
-0.036126,-0.028564,0.662014,REACHABLE
-0.004155,-0.003285,0.657100,REACHABLE
-0.015124,-0.011959,0.703808,REACHABLE
-0.044422,-0.035124,0.735148,REACHABLE
-0.082408,-0.065160,0.740809,REACHABLE
-0.116586,-0.092184,0.718927,REACHABLE
-0.135709,-0.107304,0.676702,REACHABLE
-0.133485,-0.105546,0.628028,REACHABLE
-0.104761,-0.082834,0.646586,REACHABLE
-0.134236,-0.106140,0.677654,REACHABLE
-0.172254,-0.136201,0.682962,REACHABLE
-0.206306,-0.163126,0.660763,REACHABLE
-0.225187,-0.178055,0.618363,REACHABLE
-0.222686,-0.176077,0.569711,REACHABLE
-0.199625,-0.157843,0.530815,REACHABLE
-0.183829,-0.145353,0.566589,REACHABLE
-0.221876,-0.175437,0.571544,REACHABLE
-0.255800,-0.202261,0.549031,REACHABLE
-0.274439,-0.216999,0.506456,REACHABLE
-0.271661,-0.214801,0.457829,REACHABLE
-0.248378,-0.196392,0.419148,REACHABLE
-0.212253,-0.167828,0.403140,REACHABLE
-0.214709,-0.169770,0.444073,REACHABLE
-0.248504,-0.196492,0.421246,REACHABLE
-0.266900,-0.211037,0.378499,REACHABLE
-0.263844,-0.208620,0.329899,REACHABLE
-0.240341,-0.190037,0.291434,REACHABLE
-0.204126,-0.161402,0.275762,REACHABLE
-0.167112,-0.132135,0.288038,REACHABLE
-0.186993,-0.147855,0.320333,REACHABLE
-0.205144,-0.162207,0.277417,REACHABLE
-0.201811,-0.159572,0.228846,REACHABLE
-0.178090,-0.140815,0.190601,REACHABLE
-0.141786,-0.112110,0.175265,REACHABLE
-0.104844,-0.082900,0.187884,REACHABLE
-0.079418,-0.062796,0.224306,REACHABLE
0.015629,0.024532,0.019724,REACHABLE
-0.009467,-0.014861,0.005741,REACHABLE
0.288912,0.453501,0.013276,REACHABLE
0.269216,0.422585,0.045423,REACHABLE
0.243269,0.381856,0.052139,REACHABLE
0.249210,0.391182,0.012603,REACHABLE
0.269521,0.423063,0.043397,REACHABLE
0.277399,0.435428,0.089897,REACHABLE
0.270251,0.424209,0.136803,REACHABLE
0.250430,0.393096,0.168683,REACHABLE
0.224457,0.352327,0.175047,REACHABLE
0.200878,0.315316,0.153802,REACHABLE
0.217620,0.341594,0.127072,REACHABLE
0.225315,0.353674,0.173677,REACHABLE
0.217985,0.342167,0.220486,REACHABLE
0.198040,0.310860,0.252097,REACHABLE
0.172043,0.270053,0.258109,REACHABLE
0.148547,0.233173,0.236545,REACHABLE
0.135284,0.212354,0.194499,REACHABLE
0.157183,0.246728,0.189585,REACHABLE
0.149670,0.234935,0.236293,REACHABLE
0.129602,0.203434,0.267633,REACHABLE
0.103582,0.162591,0.273293,REACHABLE
0.080172,0.125845,0.251412,REACHABLE
0.067073,0.105284,0.209187,REACHABLE
0.068597,0.107675,0.160513,REACHABLE
0.034495,0.054147,0.033563,REACHABLE
0.012660,0.019873,0.006622,REACHABLE
0.309603,0.485980,0.005531,REACHABLE
0.295769,0.464265,0.046935,REACHABLE
0.271987,0.426934,0.067379,REACHABLE
0.271506,0.426179,0.026337,REACHABLE
0.295745,0.464226,0.044831,REACHABLE
0.310536,0.487444,0.085073,REACHABLE
0.311012,0.488191,0.133821,REACHABLE
0.297017,0.466223,0.175037,REACHABLE
0.273155,0.428768,0.195159,REACHABLE
0.247278,0.388148,0.187567,REACHABLE
0.259129,0.406751,0.152944,REACHABLE
0.273763,0.429721,0.193385,REACHABLE
0.274048,0.430170,0.242138,REACHABLE
0.259892,0.407949,0.283164,REACHABLE
0.235953,0.370372,0.302962,REACHABLE
0.210106,0.329800,0.295020,REACHABLE
0.190856,0.299584,0.261950,REACHABLE
0.211045,0.331275,0.245417,REACHABLE
0.211140,0.331424,0.294173,REACHABLE
0.196825,0.308953,0.335005,REACHABLE
0.172808,0.271255,0.354480,REACHABLE
0.146993,0.230733,0.346188,REACHABLE
0.127873,0.200720,0.312858,REACHABLE
0.121739,0.191092,0.265457,REACHABLE
0.143461,0.225189,0.272586,REACHABLE
0.128986,0.202468,0.313224,REACHABLE
0.104894,0.164651,0.332372,REACHABLE
0.079112,0.124181,0.323731,REACHABLE
0.060123,0.094374,0.290144,REACHABLE
0.054174,0.085036,0.242661,REACHABLE
0.063223,0.099241,0.196905,REACHABLE
0.050391,0.079098,0.056998,REACHABLE
0.033698,0.052895,0.019421,REACHABLE
0.303631,0.476606,0.009797,REACHABLE
0.296851,0.465963,0.056892,REACHABLE
0.277281,0.435244,0.089305,REACHABLE
0.270419,0.424473,0.050290,REACHABLE
0.296499,0.465411,0.054892,REACHABLE
0.316930,0.497480,0.085410,REACHABLE
0.324989,0.510130,0.131802,REACHABLE
0.318025,0.499199,0.178804,REACHABLE
0.298329,0.468283,0.210952,REACHABLE
0.272382,0.427554,0.217667,REACHABLE
0.278323,0.436879,0.178132,REACHABLE
0.298633,0.468761,0.208925,REACHABLE
0.306511,0.481126,0.255425,REACHABLE
0.299363,0.469907,0.302332,REACHABLE
0.279543,0.438794,0.334212,REACHABLE
0.253570,0.398025,0.340576,REACHABLE
0.229991,0.361013,0.319330,REACHABLE
0.246732,0.387292,0.292601,REACHABLE
0.254428,0.399372,0.339206,REACHABLE
0.247097,0.387865,0.386015,REACHABLE
0.227152,0.356558,0.417626,REACHABLE
0.201155,0.315751,0.423638,REACHABLE
0.177660,0.278870,0.402073,REACHABLE
0.164397,0.258051,0.360027,REACHABLE
0.186296,0.292426,0.355113,REACHABLE
0.178782,0.280632,0.401822,REACHABLE
0.158714,0.249132,0.433162,REACHABLE
0.132695,0.208289,0.438822,REACHABLE
0.109284,0.171542,0.416940,REACHABLE
0.096186,0.150982,0.374716,REACHABLE
0.097709,0.153373,0.326042,REACHABLE
0.117384,0.184256,0.344599,REACHABLE
0.097194,0.152564,0.375667,REACHABLE
0.071153,0.111688,0.380975,REACHABLE
0.047829,0.075076,0.358777,REACHABLE
0.034896,0.054775,0.316376,REACHABLE
0.036609,0.057465,0.267724,REACHABLE
0.052405,0.082260,0.228828,REACHABLE
0.061947,0.097237,0.088011,REACHABLE
0.051834,0.081362,0.043034,REACHABLE
0.140334,0.220281,0.005889,REACHABLE
0.118800,0.186478,0.014775,REACHABLE
0.208491,0.327265,0.027546,REACHABLE
0.187933,0.294996,0.012667,REACHABLE
0.271511,0.426187,0.025706,REACHABLE
0.272368,0.427532,0.074436,REACHABLE
0.258696,0.406072,0.116027,REACHABLE
0.246045,0.386213,0.082399,REACHABLE
0.271720,0.426514,0.072713,REACHABLE
0.296030,0.464674,0.090879,REACHABLE
0.310978,0.488138,0.130919,REACHABLE
0.311645,0.489184,0.179660,REACHABLE
0.297811,0.467470,0.221064,REACHABLE
0.274028,0.430138,0.241509,REACHABLE
0.273547,0.429383,0.200466,REACHABLE
0.297786,0.467431,0.218961,REACHABLE
0.312577,0.490648,0.259202,REACHABLE
0.313053,0.491396,0.307951,REACHABLE
0.299058,0.469428,0.349167,REACHABLE
0.275197,0.431972,0.369289,REACHABLE
0.249319,0.391353,0.361697,REACHABLE
0.261171,0.409956,0.327073,REACHABLE
0.275804,0.432926,0.367514,REACHABLE
0.276090,0.433374,0.416268,REACHABLE
0.261934,0.411154,0.457293,REACHABLE
0.237994,0.373576,0.477092,REACHABLE
0.212147,0.333004,0.469150,REACHABLE
0.192897,0.302788,0.436080,REACHABLE
0.213087,0.334479,0.419546,REACHABLE
0.213182,0.334629,0.468302,REACHABLE
0.198866,0.312157,0.509135,REACHABLE
0.174850,0.274459,0.528609,REACHABLE
0.149034,0.233937,0.520317,REACHABLE
0.129914,0.203925,0.486988,REACHABLE
0.123780,0.194296,0.439586,REACHABLE
0.145503,0.228393,0.446715,REACHABLE
0.131028,0.205672,0.487353,REACHABLE
0.106936,0.167855,0.506501,REACHABLE
0.081154,0.127386,0.497860,REACHABLE
0.062164,0.097578,0.464273,REACHABLE
0.056215,0.088241,0.416790,REACHABLE
0.065265,0.102445,0.371035,REACHABLE
0.081198,0.127456,0.399423,REACHABLE
0.057032,0.089522,0.418245,REACHABLE
0.031284,0.049107,0.409255,REACHABLE
0.012427,0.019506,0.375412,REACHABLE
0.006664,0.010460,0.327850,REACHABLE
0.015892,0.024945,0.282218,REACHABLE
0.037074,0.058195,0.253531,REACHABLE
0.068168,0.107002,0.123933,REACHABLE
0.065505,0.102823,0.075429,REACHABLE
0.077602,0.121810,0.032181,REACHABLE
0.100477,0.157717,0.008420,REACHABLE
0.126604,0.198729,0.011962,REACHABLE
0.147388,0.231353,0.041643,REACHABLE
0.155989,0.244853,0.087697,REACHABLE
0.133996,0.210331,0.084565,REACHABLE
0.146261,0.229583,0.041483,REACHABLE
0.169228,0.265635,0.018031,REACHABLE
0.195341,0.306624,0.021927,REACHABLE
0.216008,0.339065,0.051889,REACHABLE
0.224429,0.352283,0.098058,REACHABLE
0.217833,0.341929,0.145244,REACHABLE
0.200481,0.314692,0.119899,REACHABLE
0.223539,0.350887,0.096759,REACHABLE
0.249637,0.391851,0.101009,REACHABLE
0.270186,0.424107,0.131249,REACHABLE
0.278426,0.437041,0.177531,REACHABLE
0.271646,0.426398,0.224626,REACHABLE
0.252076,0.395680,0.257039,REACHABLE
0.245214,0.384909,0.218024,REACHABLE
0.271294,0.425846,0.222626,REACHABLE
0.291725,0.457916,0.253144,REACHABLE
0.299784,0.470566,0.299536,REACHABLE
0.292819,0.459634,0.346539,REACHABLE
0.273124,0.428718,0.378686,REACHABLE
0.247176,0.387989,0.385401,REACHABLE
0.253117,0.397315,0.345866,REACHABLE
0.273428,0.429196,0.376660,REACHABLE
0.281306,0.441561,0.423160,REACHABLE
0.274158,0.430342,0.470066,REACHABLE
0.254337,0.399229,0.501946,REACHABLE
0.228364,0.358460,0.508310,REACHABLE
0.204786,0.321449,0.487064,REACHABLE
0.221527,0.347727,0.460335,REACHABLE
0.229222,0.359807,0.506940,REACHABLE
0.221892,0.348300,0.553749,REACHABLE
0.201947,0.316993,0.585360,REACHABLE
0.175950,0.276186,0.591372,REACHABLE
0.152455,0.239306,0.569808,REACHABLE
0.139192,0.218487,0.527762,REACHABLE
0.161090,0.252861,0.522848,REACHABLE
0.153577,0.241068,0.569556,REACHABLE
0.133509,0.209567,0.600896,REACHABLE
0.107489,0.168724,0.606556,REACHABLE
0.084079,0.131978,0.584674,REACHABLE
0.070981,0.111417,0.542450,REACHABLE
0.072504,0.113808,0.493776,REACHABLE
0.092179,0.144692,0.512333,REACHABLE
0.071989,0.113000,0.543401,REACHABLE
0.045948,0.072124,0.548709,REACHABLE
0.022624,0.035512,0.526511,REACHABLE
0.009690,0.015211,0.484110,REACHABLE
0.011404,0.017900,0.435458,REACHABLE
0.027200,0.042695,0.396562,REACHABLE
0.038020,0.059679,0.432336,REACHABLE
0.011958,0.018771,0.437292,REACHABLE
-0.011279,-0.017704,0.414778,REACHABLE
-0.024046,-0.037744,0.372204,REACHABLE
-0.022142,-0.034756,0.323576,REACHABLE
-0.006195,-0.009724,0.284895,REACHABLE
0.018550,0.029118,0.268887,REACHABLE
0.068518,0.107552,0.161669,REACHABLE
0.073536,0.115428,0.113815,REACHABLE
0.091856,0.144186,0.078965,REACHABLE
0.117453,0.184364,0.068585,REACHABLE
0.141903,0.222743,0.086091,REACHABLE
0.157162,0.246695,0.125722,REACHABLE
0.158209,0.248339,0.174440,REACHABLE
0.137652,0.216070,0.159561,REACHABLE
0.156108,0.245041,0.124960,REACHABLE
0.181744,0.285282,0.114927,REACHABLE
0.206125,0.323552,0.132763,REACHABLE
0.221229,0.347260,0.172600,REACHABLE
0.222086,0.348606,0.221331,REACHABLE
0.208415,0.327146,0.262921,REACHABLE
0.195763,0.307287,0.229293,REACHABLE
0.221438,0.347588,0.219607,REACHABLE
0.245749,0.385748,0.237773,REACHABLE
0.260696,0.409211,0.277813,REACHABLE
0.261363,0.410258,0.326554,REACHABLE
0.247529,0.388543,0.367958,REACHABLE
0.223747,0.351212,0.388403,REACHABLE
0.223266,0.350457,0.347360,REACHABLE
0.247505,0.388505,0.365855,REACHABLE
0.262296,0.411722,0.406096,REACHABLE
0.262772,0.412469,0.454845,REACHABLE
0.248777,0.390501,0.496061,REACHABLE
0.224915,0.353046,0.516183,REACHABLE
0.199038,0.312427,0.508591,REACHABLE
0.210889,0.331030,0.473967,REACHABLE
0.225522,0.353999,0.514408,REACHABLE
0.225808,0.354448,0.563162,REACHABLE
0.211652,0.332228,0.604187,REACHABLE
0.187713,0.294650,0.623986,REACHABLE
0.161866,0.254078,0.616044,REACHABLE
0.142616,0.223862,0.582974,REACHABLE
0.162805,0.255553,0.566440,REACHABLE
0.162900,0.255702,0.615196,REACHABLE
0.148585,0.233231,0.656029,REACHABLE
0.124568,0.195533,0.675503,REACHABLE
0.098753,0.155011,0.667211,REACHABLE
0.079633,0.124998,0.633882,REACHABLE
0.073499,0.115370,0.586481,REACHABLE
0.095221,0.149467,0.593609,REACHABLE
0.080746,0.126746,0.634247,REACHABLE
0.056654,0.088929,0.653396,REACHABLE
0.030872,0.048459,0.644755,REACHABLE
0.011883,0.018652,0.611167,REACHABLE
0.005934,0.009314,0.563684,REACHABLE
0.014983,0.023519,0.517929,REACHABLE
0.030917,0.048530,0.546317,REACHABLE
0.006751,0.010596,0.565139,REACHABLE
-0.018997,-0.029820,0.556150,REACHABLE
-0.037855,-0.059420,0.522306,REACHABLE
-0.043618,-0.068466,0.474744,REACHABLE
-0.034390,-0.053981,0.429112,REACHABLE
-0.013207,-0.020732,0.400425,REACHABLE
-0.008433,-0.013238,0.440504,REACHABLE
-0.034145,-0.053597,0.431166,REACHABLE
-0.052870,-0.082990,0.397068,REACHABLE
-0.058447,-0.091744,0.349430,REACHABLE
-0.049041,-0.076980,0.303924,REACHABLE
-0.027747,-0.043555,0.275525,REACHABLE
-0.001571,-0.002467,0.273575,REACHABLE
0.062968,0.098840,0.197969,REACHABLE
0.075233,0.118092,0.154886,REACHABLE
0.098201,0.154144,0.131435,REACHABLE
0.124314,0.195133,0.135331,REACHABLE
0.144981,0.227574,0.165293,REACHABLE
0.153401,0.240792,0.211462,REACHABLE
0.146805,0.230438,0.258647,REACHABLE
0.129453,0.203201,0.233303,REACHABLE
0.152512,0.239396,0.210163,REACHABLE
0.178609,0.280360,0.214412,REACHABLE
0.199158,0.312616,0.244653,REACHABLE
0.207398,0.325550,0.290934,REACHABLE
0.200618,0.314908,0.338030,REACHABLE
0.181048,0.284189,0.370443,REACHABLE
0.174187,0.273418,0.331427,REACHABLE
0.200267,0.314355,0.336030,REACHABLE
0.220697,0.346425,0.366548,REACHABLE
0.228756,0.359075,0.412940,REACHABLE
0.221792,0.348144,0.459942,REACHABLE
0.202096,0.317227,0.492090,REACHABLE
0.176149,0.276498,0.498805,REACHABLE
0.182090,0.285824,0.459270,REACHABLE
0.202401,0.317705,0.490063,REACHABLE
0.210278,0.330071,0.536563,REACHABLE
0.203131,0.318851,0.583470,REACHABLE
0.183310,0.287739,0.615350,REACHABLE
0.157337,0.246970,0.621714,REACHABLE
0.133758,0.209958,0.600468,REACHABLE
0.150499,0.236237,0.573738,REACHABLE
0.158195,0.248316,0.620344,REACHABLE
0.150864,0.236810,0.667153,REACHABLE
0.130919,0.205502,0.698763,REACHABLE
0.104922,0.164695,0.704776,REACHABLE
0.081427,0.127815,0.683211,REACHABLE
0.068164,0.106996,0.641165,REACHABLE
0.090063,0.141370,0.636251,REACHABLE
0.082550,0.129577,0.682959,REACHABLE
0.062482,0.098076,0.714300,REACHABLE
0.036462,0.057234,0.719960,REACHABLE
0.013051,0.020487,0.698078,REACHABLE
-0.000047,-0.000074,0.655853,REACHABLE
0.001476,0.002317,0.607179,REACHABLE
0.021151,0.033201,0.625737,REACHABLE
0.000961,0.001509,0.656805,REACHABLE
-0.025080,-0.039367,0.662113,REACHABLE
-0.048404,-0.075979,0.639914,REACHABLE
-0.061337,-0.096280,0.597514,REACHABLE
-0.059624,-0.093590,0.548862,REACHABLE
-0.043828,-0.068796,0.509966,REACHABLE
-0.033008,-0.051812,0.545740,REACHABLE
-0.059069,-0.092720,0.550695,REACHABLE
-0.082306,-0.129195,0.528182,REACHABLE
-0.095073,-0.149235,0.485608,REACHABLE
-0.093170,-0.146247,0.436980,REACHABLE
-0.077222,-0.121214,0.398299,REACHABLE
-0.052477,-0.082373,0.382291,REACHABLE
-0.054160,-0.085014,0.423224,REACHABLE
-0.077308,-0.121350,0.400397,REACHABLE
-0.089909,-0.141128,0.357650,REACHABLE
-0.087815,-0.137843,0.309050,REACHABLE
-0.071717,-0.112573,0.270586,REACHABLE
-0.046910,-0.073635,0.254913,REACHABLE
-0.021558,-0.033839,0.267190,REACHABLE
0.051995,0.081616,0.229708,REACHABLE
0.070452,0.110587,0.195107,REACHABLE
0.096088,0.150828,0.185074,REACHABLE
0.120469,0.189098,0.202910,REACHABLE
0.135573,0.212807,0.242747,REACHABLE
0.136430,0.214152,0.291477,REACHABLE
0.122758,0.192692,0.333068,REACHABLE
0.110107,0.172833,0.299440,REACHABLE
0.135781,0.213134,0.289754,REACHABLE
0.160092,0.251294,0.307920,REACHABLE
0.175040,0.274758,0.347960,REACHABLE
0.175707,0.275804,0.396701,REACHABLE
0.161873,0.254089,0.438105,REACHABLE
0.138090,0.216758,0.458550,REACHABLE
0.137609,0.216003,0.417507,REACHABLE
0.161848,0.254051,0.436001,REACHABLE
0.176639,0.277268,0.476243,REACHABLE
0.177115,0.278015,0.524992,REACHABLE
0.163120,0.256047,0.566207,REACHABLE
0.139258,0.218592,0.586330,REACHABLE
0.113381,0.177973,0.578737,REACHABLE
0.125233,0.196576,0.544114,REACHABLE
0.139866,0.219545,0.584555,REACHABLE
0.140152,0.219994,0.633309,REACHABLE
0.125996,0.197774,0.674334,REACHABLE
0.102056,0.160196,0.694133,REACHABLE
0.076209,0.119624,0.686190,REACHABLE
0.056959,0.089408,0.653121,REACHABLE
0.077149,0.121099,0.636587,REACHABLE
0.077244,0.121249,0.685343,REACHABLE
0.062928,0.098777,0.726176,REACHABLE
0.038912,0.061079,0.745650,REACHABLE
0.013096,0.020557,0.737358,REACHABLE
-0.006024,-0.009455,0.704028,REACHABLE
-0.012158,-0.019084,0.656627,REACHABLE
0.009564,0.015013,0.663756,REACHABLE
-0.004910,-0.007708,0.704394,REACHABLE
-0.029002,-0.045525,0.723542,REACHABLE
-0.054785,-0.085995,0.714901,REACHABLE
-0.073774,-0.115802,0.681314,REACHABLE
-0.079723,-0.125140,0.633831,REACHABLE
-0.070673,-0.110935,0.588076,REACHABLE
-0.054740,-0.085924,0.616464,REACHABLE
-0.078906,-0.123858,0.635286,REACHABLE
-0.104654,-0.164273,0.626296,REACHABLE
-0.123511,-0.193874,0.592453,REACHABLE
-0.129274,-0.202920,0.544890,REACHABLE
-0.120047,-0.188435,0.499259,REACHABLE
-0.098864,-0.155186,0.470572,REACHABLE
-0.094090,-0.147692,0.510651,REACHABLE
-0.119802,-0.188051,0.501313,REACHABLE
-0.138527,-0.217444,0.467215,REACHABLE
-0.144104,-0.226198,0.419576,REACHABLE
-0.134698,-0.211433,0.374071,REACHABLE
-0.113404,-0.178008,0.345671,REACHABLE
-0.087228,-0.136920,0.343722,REACHABLE
-0.095222,-0.149469,0.381983,REACHABLE
-0.113814,-0.178652,0.347632,REACHABLE
-0.119204,-0.187113,0.299919,REACHABLE
-0.109621,-0.172070,0.254542,REACHABLE
-0.088216,-0.138472,0.226432,REACHABLE
-0.062034,-0.097373,0.224836,REACHABLE
-0.039687,-0.062296,0.250281,REACHABLE
0.036544,0.057363,0.254151,REACHABLE
0.059603,0.093558,0.231012,REACHABLE
0.085700,0.134522,0.235261,REACHABLE
0.106249,0.166778,0.265502,REACHABLE
0.114489,0.179712,0.311783,REACHABLE
0.107709,0.169070,0.358879,REACHABLE
0.088139,0.138351,0.391292,REACHABLE
0.081278,0.127580,0.352276,REACHABLE
0.107357,0.168517,0.356879,REACHABLE
0.127788,0.200587,0.387397,REACHABLE
0.135847,0.213237,0.433789,REACHABLE
0.128883,0.202306,0.480791,REACHABLE
0.109187,0.171389,0.512938,REACHABLE
0.083240,0.130660,0.519654,REACHABLE
0.089181,0.139986,0.480118,REACHABLE
0.109492,0.171867,0.510912,REACHABLE
0.117369,0.184233,0.557412,REACHABLE
0.110222,0.173013,0.604319,REACHABLE
0.090401,0.141901,0.636199,REACHABLE
0.064428,0.101132,0.642563,REACHABLE
0.040849,0.064120,0.621317,REACHABLE
0.057590,0.090399,0.594587,REACHABLE
0.065286,0.102478,0.641193,REACHABLE
0.057955,0.090972,0.688001,REACHABLE
0.038010,0.059664,0.719612,REACHABLE
0.012013,0.018857,0.725625,REACHABLE
-0.011482,-0.018023,0.704060,REACHABLE
-0.024745,-0.038842,0.662014,REACHABLE
-0.002846,-0.004467,0.657100,REACHABLE
-0.010359,-0.016261,0.703808,REACHABLE
-0.030427,-0.047761,0.735148,REACHABLE
-0.056447,-0.088604,0.740809,REACHABLE
-0.079858,-0.125351,0.718927,REACHABLE
-0.092956,-0.145912,0.676702,REACHABLE
-0.091433,-0.143521,0.628028,REACHABLE
-0.071758,-0.112637,0.646586,REACHABLE
-0.091948,-0.144329,0.677654,REACHABLE
-0.117989,-0.185205,0.682962,REACHABLE
-0.141313,-0.221817,0.660763,REACHABLE
-0.154246,-0.242118,0.618363,REACHABLE
-0.152533,-0.239428,0.569711,REACHABLE
-0.136737,-0.214634,0.530815,REACHABLE
-0.125917,-0.197650,0.566589,REACHABLE
-0.151978,-0.238558,0.571544,REACHABLE
-0.175215,-0.275033,0.549031,REACHABLE
-0.187982,-0.295073,0.506456,REACHABLE
-0.186079,-0.292085,0.457829,REACHABLE
-0.170131,-0.267052,0.419148,REACHABLE
-0.145386,-0.228211,0.403140,REACHABLE
-0.147069,-0.230852,0.444073,REACHABLE
-0.170217,-0.267188,0.421246,REACHABLE
-0.182818,-0.286966,0.378499,REACHABLE
-0.180724,-0.283680,0.329899,REACHABLE
-0.164626,-0.258411,0.291434,REACHABLE
-0.139819,-0.219473,0.275762,REACHABLE
-0.114467,-0.179676,0.288038,REACHABLE
-0.128084,-0.201052,0.320333,REACHABLE
-0.140517,-0.220568,0.277417,REACHABLE
-0.138234,-0.216984,0.228846,REACHABLE
-0.121986,-0.191480,0.190601,REACHABLE
-0.097119,-0.152446,0.175265,REACHABLE
-0.071815,-0.112726,0.187884,REACHABLE
-0.054399,-0.085389,0.224306,REACHABLE
0.006708,0.028304,0.019724,REACHABLE
-0.004064,-0.017145,0.005741,REACHABLE
0.124005,0.523218,0.013276,REACHABLE
0.115551,0.487549,0.045423,REACHABLE
0.104414,0.440558,0.052139,REACHABLE
0.106964,0.451317,0.012603,REACHABLE
0.115682,0.488100,0.043397,REACHABLE
0.119063,0.502366,0.089897,REACHABLE
0.115995,0.489422,0.136803,REACHABLE
0.107488,0.453527,0.168683,REACHABLE
0.096340,0.406490,0.175047,REACHABLE
0.086220,0.363789,0.153802,REACHABLE
0.093405,0.394107,0.127072,REACHABLE
0.096708,0.408044,0.173677,REACHABLE
0.093562,0.394768,0.220486,REACHABLE
0.085001,0.358648,0.252097,REACHABLE
0.073843,0.311568,0.258109,REACHABLE
0.063758,0.269018,0.236545,REACHABLE
0.058066,0.244999,0.194499,REACHABLE
0.067465,0.284657,0.189585,REACHABLE
0.064240,0.271051,0.236293,REACHABLE
0.055627,0.234708,0.267633,REACHABLE
0.044459,0.187586,0.273293,REACHABLE
0.034411,0.145190,0.251412,REACHABLE
0.028789,0.121469,0.209187,REACHABLE
0.029443,0.124228,0.160513,REACHABLE
0.014806,0.062470,0.033563,REACHABLE
0.005434,0.022928,0.006622,REACHABLE
0.132886,0.560689,0.005531,REACHABLE
0.126948,0.535636,0.046935,REACHABLE
0.116740,0.492566,0.067379,REACHABLE
0.116534,0.491695,0.026337,REACHABLE
0.126937,0.535591,0.044831,REACHABLE
0.133286,0.562378,0.085073,REACHABLE
0.133490,0.563240,0.133821,REACHABLE
0.127483,0.537895,0.175037,REACHABLE
0.117242,0.494681,0.195159,REACHABLE
0.106135,0.447818,0.187567,REACHABLE
0.111222,0.469281,0.152944,REACHABLE
0.117502,0.495782,0.193385,REACHABLE
0.117625,0.496299,0.242138,REACHABLE
0.111549,0.470663,0.283164,REACHABLE
0.101274,0.427308,0.302962,REACHABLE
0.090180,0.380500,0.295020,REACHABLE
0.081918,0.345638,0.261950,REACHABLE
0.090583,0.382201,0.245417,REACHABLE
0.090624,0.382374,0.294173,REACHABLE
0.084480,0.356448,0.335005,REACHABLE
0.074172,0.312954,0.354480,REACHABLE
0.063091,0.266203,0.346188,REACHABLE
0.054885,0.231577,0.312858,REACHABLE
0.052252,0.220468,0.265457,REACHABLE
0.061575,0.259807,0.272586,REACHABLE
0.055363,0.233593,0.313224,REACHABLE
0.045022,0.189963,0.332372,REACHABLE
0.033956,0.143271,0.323731,REACHABLE
0.025805,0.108882,0.290144,REACHABLE
0.023252,0.098109,0.242661,REACHABLE
0.027136,0.114497,0.196905,REACHABLE
0.021628,0.091257,0.056998,REACHABLE
0.014464,0.061027,0.019421,REACHABLE
0.130322,0.549874,0.009797,REACHABLE
0.127412,0.537595,0.056892,REACHABLE
0.119013,0.502154,0.089305,REACHABLE
0.116067,0.489727,0.050290,REACHABLE
0.127261,0.536958,0.054892,REACHABLE
0.136030,0.573957,0.085410,REACHABLE
0.139489,0.588552,0.131802,REACHABLE
0.136500,0.575940,0.178804,REACHABLE
0.128047,0.540271,0.210952,REACHABLE
0.116910,0.493281,0.217667,REACHABLE
0.119460,0.504040,0.178132,REACHABLE
0.128177,0.540823,0.208925,REACHABLE
0.131558,0.555089,0.255425,REACHABLE
0.128491,0.542145,0.302332,REACHABLE
0.119983,0.506249,0.334212,REACHABLE
0.108835,0.459213,0.340576,REACHABLE
0.098715,0.416511,0.319330,REACHABLE
0.105901,0.446830,0.292601,REACHABLE
0.109204,0.460767,0.339206,REACHABLE
0.106057,0.447491,0.386015,REACHABLE
0.097497,0.411371,0.417626,REACHABLE
0.086338,0.364290,0.423638,REACHABLE
0.076254,0.321741,0.402073,REACHABLE
0.070561,0.297721,0.360027,REACHABLE
0.079961,0.337380,0.355113,REACHABLE
0.076736,0.323773,0.401822,REACHABLE
0.068122,0.287430,0.433162,REACHABLE
0.056954,0.240309,0.438822,REACHABLE
0.046906,0.197913,0.416940,REACHABLE
0.041284,0.174192,0.374716,REACHABLE
0.041938,0.176950,0.326042,REACHABLE
0.050383,0.212582,0.344599,REACHABLE
0.041717,0.176018,0.375667,REACHABLE
0.030540,0.128858,0.380975,REACHABLE
0.020529,0.086618,0.358777,REACHABLE
0.014978,0.063196,0.316376,REACHABLE
0.015713,0.066299,0.267724,REACHABLE
0.022493,0.094905,0.228828,REACHABLE
0.026588,0.112185,0.088011,REACHABLE
0.022248,0.093870,0.043034,REACHABLE
0.060233,0.254144,0.005889,REACHABLE
0.050990,0.215145,0.014775,REACHABLE
0.089487,0.377575,0.027546,REACHABLE
0.080663,0.340345,0.012667,REACHABLE
0.116536,0.491704,0.025706,REACHABLE
0.116904,0.493256,0.074436,REACHABLE
0.111036,0.468497,0.116027,REACHABLE
0.105606,0.445585,0.082399,REACHABLE
0.116625,0.492082,0.072713,REACHABLE
0.127060,0.536108,0.090879,REACHABLE
0.133476,0.563178,0.130919,REACHABLE
0.133762,0.564386,0.179660,REACHABLE
0.127824,0.539333,0.221064,REACHABLE
0.117617,0.496263,0.241509,REACHABLE
0.117410,0.495392,0.200466,REACHABLE
0.127814,0.539288,0.218961,REACHABLE
0.134162,0.566075,0.259202,REACHABLE
0.134367,0.566937,0.307951,REACHABLE
0.128360,0.541592,0.349167,REACHABLE
0.118118,0.498379,0.369289,REACHABLE
0.107011,0.451515,0.361697,REACHABLE
0.112098,0.472978,0.327073,REACHABLE
0.118379,0.499479,0.367514,REACHABLE
0.118501,0.499996,0.416268,REACHABLE
0.112425,0.474360,0.457293,REACHABLE
0.102150,0.431005,0.477092,REACHABLE
0.091056,0.384197,0.469150,REACHABLE
0.082794,0.349335,0.436080,REACHABLE
0.091460,0.385898,0.419546,REACHABLE
0.091500,0.386071,0.468302,REACHABLE
0.085356,0.360145,0.509135,REACHABLE
0.075048,0.316651,0.528609,REACHABLE
0.063968,0.269900,0.520317,REACHABLE
0.055761,0.235274,0.486988,REACHABLE
0.053128,0.224165,0.439586,REACHABLE
0.062452,0.263504,0.446715,REACHABLE
0.056239,0.237290,0.487353,REACHABLE
0.045898,0.193660,0.506501,REACHABLE
0.034832,0.146968,0.497860,REACHABLE
0.026682,0.112579,0.464273,REACHABLE
0.024128,0.101806,0.416790,REACHABLE
0.028012,0.118194,0.371035,REACHABLE
0.034851,0.147049,0.399423,REACHABLE
0.024479,0.103285,0.418245,REACHABLE
0.013428,0.056656,0.409255,REACHABLE
0.005334,0.022505,0.375412,REACHABLE
0.002860,0.012068,0.327850,REACHABLE
0.006821,0.028779,0.282218,REACHABLE
0.015913,0.067141,0.253531,REACHABLE
0.029258,0.123451,0.123933,REACHABLE
0.028116,0.118629,0.075429,REACHABLE
0.033308,0.140536,0.032181,REACHABLE
0.043126,0.181963,0.008420,REACHABLE
0.054340,0.229280,0.011962,REACHABLE
0.063261,0.266918,0.041643,REACHABLE
0.066952,0.282494,0.087697,REACHABLE
0.057513,0.242665,0.084565,REACHABLE
0.062777,0.264877,0.041483,REACHABLE
0.072635,0.306471,0.018031,REACHABLE
0.083843,0.353761,0.021927,REACHABLE
0.092713,0.391189,0.051889,REACHABLE
0.096328,0.406439,0.098058,REACHABLE
0.093497,0.394493,0.145244,REACHABLE
0.086049,0.363069,0.119899,REACHABLE
0.095946,0.404828,0.096759,REACHABLE
0.107147,0.452090,0.101009,REACHABLE
0.115967,0.489304,0.131249,REACHABLE
0.119504,0.504227,0.177531,REACHABLE
0.116594,0.491948,0.224626,REACHABLE
0.108194,0.456507,0.257039,REACHABLE
0.105249,0.444081,0.218024,REACHABLE
0.116443,0.491311,0.222626,REACHABLE
0.125212,0.528311,0.253144,REACHABLE
0.128671,0.542905,0.299536,REACHABLE
0.125682,0.530293,0.346539,REACHABLE
0.117228,0.494624,0.378686,REACHABLE
0.106091,0.447634,0.385401,REACHABLE
0.108641,0.458393,0.345866,REACHABLE
0.117359,0.495176,0.376660,REACHABLE
0.120740,0.509442,0.423160,REACHABLE
0.117672,0.496498,0.470066,REACHABLE
0.109165,0.460602,0.501946,REACHABLE
0.098017,0.413566,0.508310,REACHABLE
0.087897,0.370865,0.487064,REACHABLE
0.095082,0.401183,0.460335,REACHABLE
0.098385,0.415120,0.506940,REACHABLE
0.095239,0.401844,0.553749,REACHABLE
0.086678,0.365724,0.585360,REACHABLE
0.075520,0.318644,0.591372,REACHABLE
0.065435,0.276094,0.569808,REACHABLE
0.059743,0.252075,0.527762,REACHABLE
0.069142,0.291733,0.522848,REACHABLE
0.065917,0.278127,0.569556,REACHABLE
0.057304,0.241784,0.600896,REACHABLE
0.046136,0.194662,0.606556,REACHABLE
0.036088,0.152266,0.584674,REACHABLE
0.030466,0.128545,0.542450,REACHABLE
0.031120,0.131304,0.493776,REACHABLE
0.039564,0.166935,0.512333,REACHABLE
0.030899,0.130371,0.543401,REACHABLE
0.019721,0.083211,0.548709,REACHABLE
0.009710,0.040971,0.526511,REACHABLE
0.004159,0.017549,0.484110,REACHABLE
0.004895,0.020652,0.435458,REACHABLE
0.011675,0.049259,0.396562,REACHABLE
0.016318,0.068853,0.432336,REACHABLE
0.005133,0.021656,0.437292,REACHABLE
-0.004841,-0.020425,0.414778,REACHABLE
-0.010321,-0.043547,0.372204,REACHABLE
-0.009504,-0.040099,0.323576,REACHABLE
-0.002659,-0.011218,0.284895,REACHABLE
0.007962,0.033594,0.268887,REACHABLE
0.029409,0.124086,0.161669,REACHABLE
0.031562,0.133172,0.113815,REACHABLE
0.039426,0.166351,0.078965,REACHABLE
0.050412,0.212706,0.068585,REACHABLE
0.060907,0.256985,0.086091,REACHABLE
0.067456,0.284619,0.125722,REACHABLE
0.067906,0.286516,0.174440,REACHABLE
0.059082,0.249286,0.159561,REACHABLE
0.067004,0.282711,0.124960,REACHABLE
0.078007,0.329138,0.114927,REACHABLE
0.088472,0.373291,0.132763,REACHABLE
0.094954,0.400644,0.172600,REACHABLE
0.095322,0.402197,0.221331,REACHABLE
0.089454,0.377437,0.262921,REACHABLE
0.084024,0.354526,0.229293,REACHABLE
0.095044,0.401022,0.219607,REACHABLE
0.105478,0.445049,0.237773,REACHABLE
0.111894,0.472119,0.277813,REACHABLE
0.112180,0.473326,0.326554,REACHABLE
0.106243,0.448274,0.367958,REACHABLE
0.096035,0.405204,0.388403,REACHABLE
0.095829,0.404332,0.347360,REACHABLE
0.106232,0.448229,0.365855,REACHABLE
0.112581,0.475015,0.406096,REACHABLE
0.112785,0.475878,0.454845,REACHABLE
0.106778,0.450533,0.496061,REACHABLE
0.096536,0.407319,0.516183,REACHABLE
0.085430,0.360456,0.508591,REACHABLE
0.090516,0.381918,0.473967,REACHABLE
0.096797,0.408419,0.514408,REACHABLE
0.096920,0.408937,0.563162,REACHABLE
0.090844,0.383301,0.604187,REACHABLE
0.080569,0.339946,0.623986,REACHABLE
0.069475,0.293137,0.616044,REACHABLE
0.061213,0.258276,0.582974,REACHABLE
0.069878,0.294839,0.566440,REACHABLE
0.069919,0.295011,0.615196,REACHABLE
0.063774,0.269086,0.656029,REACHABLE
0.053466,0.225592,0.675503,REACHABLE
0.042386,0.178841,0.667211,REACHABLE
0.034179,0.144214,0.633882,REACHABLE
0.031547,0.133106,0.586481,REACHABLE
0.040870,0.172445,0.593609,REACHABLE
0.034657,0.146231,0.634247,REACHABLE
0.024317,0.102600,0.653396,REACHABLE
0.013251,0.055909,0.644755,REACHABLE
0.005100,0.021519,0.611167,REACHABLE
0.002547,0.010746,0.563684,REACHABLE
0.006431,0.027134,0.517929,REACHABLE
0.013270,0.055990,0.546317,REACHABLE
0.002897,0.012225,0.565139,REACHABLE
-0.008154,-0.034404,0.556150,REACHABLE
-0.016248,-0.068555,0.522306,REACHABLE
-0.018721,-0.078992,0.474744,REACHABLE
-0.014761,-0.062280,0.429112,REACHABLE
-0.005669,-0.023919,0.400425,REACHABLE
-0.003620,-0.015273,0.440504,REACHABLE
-0.014656,-0.061837,0.431166,REACHABLE
-0.022693,-0.095748,0.397068,REACHABLE
-0.025086,-0.105847,0.349430,REACHABLE
-0.021049,-0.088813,0.303924,REACHABLE
-0.011910,-0.050250,0.275525,REACHABLE
-0.000674,-0.002846,0.273575,REACHABLE
0.027027,0.114035,0.197969,REACHABLE
0.032291,0.136247,0.154886,REACHABLE
0.042149,0.177840,0.131435,REACHABLE
0.053357,0.225131,0.135331,REACHABLE
0.062228,0.262559,0.165293,REACHABLE
0.065842,0.277808,0.211462,REACHABLE
0.063011,0.265863,0.258647,REACHABLE
0.055563,0.234439,0.233303,REACHABLE
0.065460,0.276198,0.210163,REACHABLE
0.076661,0.323460,0.214412,REACHABLE
0.085481,0.360674,0.244653,REACHABLE
0.089018,0.375597,0.290934,REACHABLE
0.086108,0.363318,0.338030,REACHABLE
0.077708,0.327877,0.370443,REACHABLE
0.074763,0.315450,0.331427,REACHABLE
0.085957,0.362681,0.336030,REACHABLE
0.094726,0.399680,0.366548,REACHABLE
0.098185,0.414275,0.412940,REACHABLE
0.095196,0.401663,0.459942,REACHABLE
0.086742,0.365994,0.492090,REACHABLE
0.075605,0.319004,0.498805,REACHABLE
0.078155,0.329763,0.459270,REACHABLE
0.086873,0.366546,0.490063,REACHABLE
0.090254,0.380812,0.536563,REACHABLE
0.087186,0.367868,0.583470,REACHABLE
0.078679,0.331972,0.615350,REACHABLE
0.067531,0.284936,0.621714,REACHABLE
0.057411,0.242235,0.600468,REACHABLE
0.064596,0.272553,0.573738,REACHABLE
0.067899,0.286490,0.620344,REACHABLE
0.064753,0.273214,0.667153,REACHABLE
0.056192,0.237094,0.698763,REACHABLE
0.045034,0.190014,0.704776,REACHABLE
0.034950,0.147464,0.683211,REACHABLE
0.029257,0.123445,0.641165,REACHABLE
0.038656,0.163103,0.636251,REACHABLE
0.035431,0.149497,0.682959,REACHABLE
0.026818,0.113154,0.714300,REACHABLE
0.015650,0.066032,0.719960,REACHABLE
0.005602,0.023636,0.698078,REACHABLE
-0.000020,-0.000085,0.655853,REACHABLE
0.000634,0.002673,0.607179,REACHABLE
0.009078,0.038305,0.625737,REACHABLE
0.000413,0.001741,0.656805,REACHABLE
-0.010765,-0.045419,0.662113,REACHABLE
-0.020776,-0.087659,0.639914,REACHABLE
-0.026327,-0.111081,0.597514,REACHABLE
-0.025591,-0.107978,0.548862,REACHABLE
-0.018811,-0.079371,0.509966,REACHABLE
-0.014167,-0.059777,0.545740,REACHABLE
-0.025353,-0.106974,0.550695,REACHABLE
-0.035327,-0.149056,0.528182,REACHABLE
-0.040807,-0.172177,0.485608,REACHABLE
-0.039990,-0.168730,0.436980,REACHABLE
-0.033145,-0.139849,0.398299,REACHABLE
-0.022524,-0.095036,0.382291,REACHABLE
-0.023246,-0.098083,0.423224,REACHABLE
-0.033182,-0.140005,0.400397,REACHABLE
-0.038590,-0.162824,0.357650,REACHABLE
-0.037691,-0.159033,0.309050,REACHABLE
-0.030782,-0.129879,0.270586,REACHABLE
-0.020135,-0.084954,0.254913,REACHABLE
-0.009253,-0.039041,0.267190,REACHABLE
0.022317,0.094163,0.229708,REACHABLE
0.030239,0.127587,0.195107,REACHABLE
0.041242,0.174014,0.185074,REACHABLE
0.051707,0.218168,0.202910,REACHABLE
0.058190,0.245521,0.242747,REACHABLE
0.058557,0.247073,0.291477,REACHABLE
0.052689,0.222314,0.333068,REACHABLE
0.047259,0.199402,0.299440,REACHABLE
0.058279,0.245899,0.289754,REACHABLE
0.068714,0.289925,0.307920,REACHABLE
0.075129,0.316996,0.347960,REACHABLE
0.075416,0.318203,0.396701,REACHABLE
0.069478,0.293150,0.438105,REACHABLE
0.059270,0.250080,0.458550,REACHABLE
0.059064,0.249209,0.417507,REACHABLE
0.069467,0.293106,0.436001,REACHABLE
0.075816,0.319892,0.476243,REACHABLE
0.076020,0.320754,0.524992,REACHABLE
0.070013,0.295409,0.566207,REACHABLE
0.059772,0.252196,0.586330,REACHABLE
0.048665,0.205332,0.578737,REACHABLE
0.053751,0.226795,0.544114,REACHABLE
0.060032,0.253296,0.584555,REACHABLE
0.060155,0.253813,0.633309,REACHABLE
0.054079,0.228177,0.674334,REACHABLE
0.043804,0.184823,0.694133,REACHABLE
0.032710,0.138014,0.686190,REACHABLE
0.024448,0.103153,0.653121,REACHABLE
0.033113,0.139715,0.636587,REACHABLE
0.033154,0.139888,0.685343,REACHABLE
0.027010,0.113962,0.726176,REACHABLE
0.016701,0.070469,0.745650,REACHABLE
0.005621,0.023717,0.737358,REACHABLE
-0.002585,-0.010909,0.704028,REACHABLE
-0.005218,-0.022018,0.656627,REACHABLE
0.004105,0.017321,0.663756,REACHABLE
-0.002108,-0.008893,0.704394,REACHABLE
-0.012448,-0.052523,0.723542,REACHABLE
-0.023514,-0.099214,0.714901,REACHABLE
-0.031665,-0.133604,0.681314,REACHABLE
-0.034218,-0.144377,0.633831,REACHABLE
-0.030334,-0.127989,0.588076,REACHABLE
-0.023495,-0.099133,0.616464,REACHABLE
-0.033867,-0.142898,0.635286,REACHABLE
-0.044919,-0.189527,0.626296,REACHABLE
-0.053013,-0.223678,0.592453,REACHABLE
-0.055486,-0.234115,0.544890,REACHABLE
-0.051526,-0.217403,0.499259,REACHABLE
-0.042434,-0.179042,0.470572,REACHABLE
-0.040385,-0.170396,0.510651,REACHABLE
-0.051421,-0.216960,0.501313,REACHABLE
-0.059457,-0.250871,0.467215,REACHABLE
-0.061851,-0.260971,0.419576,REACHABLE
-0.057814,-0.243937,0.374071,REACHABLE
-0.048674,-0.205373,0.345671,REACHABLE
-0.037439,-0.157969,0.343722,REACHABLE
-0.040871,-0.172447,0.381983,REACHABLE
-0.048850,-0.206116,0.347632,REACHABLE
-0.051164,-0.215878,0.299919,REACHABLE
-0.047051,-0.198523,0.254542,REACHABLE
-0.037864,-0.159759,0.226432,REACHABLE
-0.026626,-0.112342,0.224836,REACHABLE
-0.017034,-0.071873,0.250281,REACHABLE
0.015685,0.066182,0.254151,REACHABLE
0.025582,0.107940,0.231012,REACHABLE
0.036784,0.155202,0.235261,REACHABLE
0.045604,0.192417,0.265502,REACHABLE
0.049140,0.207339,0.311783,REACHABLE
0.046230,0.195060,0.358879,REACHABLE
0.037831,0.159620,0.391292,REACHABLE
0.034885,0.147193,0.352276,REACHABLE
0.046079,0.194423,0.356879,REACHABLE
0.054848,0.231423,0.387397,REACHABLE
0.058307,0.246018,0.433789,REACHABLE
0.055318,0.233406,0.480791,REACHABLE
0.046865,0.197737,0.512938,REACHABLE
0.035728,0.150747,0.519654,REACHABLE
0.038278,0.161506,0.480118,REACHABLE
0.046995,0.198288,0.510912,REACHABLE
0.050376,0.212555,0.557412,REACHABLE
0.047309,0.199610,0.604319,REACHABLE
0.038801,0.163715,0.636199,REACHABLE
0.027653,0.116678,0.642563,REACHABLE
0.017533,0.073977,0.621317,REACHABLE
0.024719,0.104296,0.594587,REACHABLE
0.028022,0.118232,0.641193,REACHABLE
0.024875,0.104957,0.688001,REACHABLE
0.016315,0.068836,0.719612,REACHABLE
0.005156,0.021756,0.725625,REACHABLE
-0.004928,-0.020794,0.704060,REACHABLE
-0.010621,-0.044813,0.662014,REACHABLE
-0.001222,-0.005154,0.657100,REACHABLE
-0.004446,-0.018761,0.703808,REACHABLE
-0.013060,-0.055104,0.735148,REACHABLE
-0.024228,-0.102225,0.740809,REACHABLE
-0.034276,-0.144621,0.718927,REACHABLE
-0.039898,-0.168342,0.676702,REACHABLE
-0.039244,-0.165584,0.628028,REACHABLE
-0.030799,-0.129952,0.646586,REACHABLE
-0.039465,-0.166516,0.677654,REACHABLE
-0.050642,-0.213677,0.682962,REACHABLE
-0.060653,-0.255917,0.660763,REACHABLE
-0.066204,-0.279338,0.618363,REACHABLE
-0.065469,-0.276235,0.569711,REACHABLE
-0.058689,-0.247629,0.530815,REACHABLE
-0.054045,-0.228035,0.566589,REACHABLE
-0.065231,-0.275231,0.571544,REACHABLE
-0.075205,-0.317313,0.549031,REACHABLE
-0.080684,-0.340434,0.506456,REACHABLE
-0.079867,-0.336987,0.457829,REACHABLE
-0.073022,-0.308106,0.419148,REACHABLE
-0.062402,-0.263294,0.403140,REACHABLE
-0.063124,-0.266341,0.444073,REACHABLE
-0.073059,-0.308262,0.421246,REACHABLE
-0.078468,-0.331081,0.378499,REACHABLE
-0.077569,-0.327290,0.329899,REACHABLE
-0.070660,-0.298136,0.291434,REACHABLE
-0.060012,-0.253212,0.275762,REACHABLE
-0.049131,-0.207298,0.288038,REACHABLE
-0.054975,-0.231960,0.320333,REACHABLE
-0.060312,-0.254476,0.277417,REACHABLE
-0.059332,-0.250341,0.228846,REACHABLE
-0.052358,-0.220916,0.190601,REACHABLE
-0.041685,-0.175881,0.175265,REACHABLE
-0.030824,-0.130055,0.187884,REACHABLE
-0.023349,-0.098516,0.224306,REACHABLE
-0.002956,0.028937,0.019724,REACHABLE
0.001791,-0.017529,0.005741,REACHABLE
-0.054650,0.534927,0.013276,REACHABLE
-0.050925,0.498460,0.045423,REACHABLE
-0.046017,0.450418,0.052139,REACHABLE
-0.047140,0.461418,0.012603,REACHABLE
-0.050982,0.499024,0.043397,REACHABLE
-0.052472,0.513609,0.089897,REACHABLE
-0.051120,0.500375,0.136803,REACHABLE
-0.047371,0.463677,0.168683,REACHABLE
-0.042458,0.415587,0.175047,REACHABLE
-0.037998,0.371931,0.153802,REACHABLE
-0.041165,0.402927,0.127072,REACHABLE
-0.042620,0.417176,0.173677,REACHABLE
-0.041234,0.403603,0.220486,REACHABLE
-0.037461,0.366675,0.252097,REACHABLE
-0.032543,0.318541,0.258109,REACHABLE
-0.028099,0.275039,0.236545,REACHABLE
-0.025590,0.250482,0.194499,REACHABLE
-0.029733,0.291028,0.189585,REACHABLE
-0.028311,0.277117,0.236293,REACHABLE
-0.024515,0.239961,0.267633,REACHABLE
-0.019594,0.191785,0.273293,REACHABLE
-0.015165,0.148440,0.251412,REACHABLE
-0.012688,0.124188,0.209187,REACHABLE
-0.012976,0.127008,0.160513,REACHABLE
-0.006525,0.063869,0.033563,REACHABLE
-0.002395,0.023441,0.006622,REACHABLE
-0.058564,0.573237,0.005531,REACHABLE
-0.055947,0.547624,0.046935,REACHABLE
-0.051449,0.503590,0.067379,REACHABLE
-0.051358,0.502699,0.026337,REACHABLE
-0.055943,0.547578,0.044831,REACHABLE
-0.058741,0.574964,0.085073,REACHABLE
-0.058831,0.575845,0.133821,REACHABLE
-0.056183,0.549933,0.175037,REACHABLE
-0.051670,0.505752,0.195159,REACHABLE
-0.046775,0.457840,0.187567,REACHABLE
-0.049017,0.479783,0.152944,REACHABLE
-0.051785,0.506877,0.193385,REACHABLE
-0.051839,0.507406,0.242138,REACHABLE
-0.049161,0.481196,0.283164,REACHABLE
-0.044633,0.436871,0.302962,REACHABLE
-0.039743,0.389015,0.295020,REACHABLE
-0.036102,0.353374,0.261950,REACHABLE
-0.039921,0.390755,0.245417,REACHABLE
-0.039939,0.390931,0.294173,REACHABLE
-0.037231,0.364425,0.335005,REACHABLE
-0.032688,0.319958,0.354480,REACHABLE
-0.027805,0.272161,0.346188,REACHABLE
-0.024188,0.236759,0.312858,REACHABLE
-0.023028,0.225402,0.265457,REACHABLE
-0.027137,0.265621,0.272586,REACHABLE
-0.024399,0.238821,0.313224,REACHABLE
-0.019842,0.194214,0.332372,REACHABLE
-0.014965,0.146478,0.323731,REACHABLE
-0.011373,0.111318,0.290144,REACHABLE
-0.010247,0.100304,0.242661,REACHABLE
-0.011959,0.117059,0.196905,REACHABLE
-0.009532,0.093299,0.056998,REACHABLE
-0.006374,0.062393,0.019421,REACHABLE
-0.057435,0.562180,0.009797,REACHABLE
-0.056152,0.549626,0.056892,REACHABLE
-0.052450,0.513392,0.089305,REACHABLE
-0.051152,0.500687,0.050290,REACHABLE
-0.056086,0.548975,0.054892,REACHABLE
-0.059950,0.586802,0.085410,REACHABLE
-0.061475,0.601724,0.131802,REACHABLE
-0.060157,0.588830,0.178804,REACHABLE
-0.056432,0.552362,0.210952,REACHABLE
-0.051523,0.504321,0.217667,REACHABLE
-0.052647,0.515320,0.178132,REACHABLE
-0.056489,0.552926,0.208925,REACHABLE
-0.057979,0.567512,0.255425,REACHABLE
-0.056627,0.554278,0.302332,REACHABLE
-0.052878,0.517579,0.334212,REACHABLE
-0.047965,0.469490,0.340576,REACHABLE
-0.043505,0.425833,0.319330,REACHABLE
-0.046672,0.456830,0.292601,REACHABLE
-0.048127,0.471079,0.339206,REACHABLE
-0.046741,0.457506,0.386015,REACHABLE
-0.042968,0.420577,0.417626,REACHABLE
-0.038050,0.372443,0.423638,REACHABLE
-0.033606,0.328941,0.402073,REACHABLE
-0.031097,0.304384,0.360027,REACHABLE
-0.035240,0.344931,0.355113,REACHABLE
-0.033818,0.331019,0.401822,REACHABLE
-0.030022,0.293863,0.433162,REACHABLE
-0.025100,0.245687,0.438822,REACHABLE
-0.020672,0.202342,0.416940,REACHABLE
-0.018194,0.178090,0.374716,REACHABLE
-0.018483,0.180910,0.326042,REACHABLE
-0.022204,0.217339,0.344599,REACHABLE
-0.018385,0.179957,0.375667,REACHABLE
-0.013459,0.131742,0.380975,REACHABLE
-0.009047,0.088556,0.358777,REACHABLE
-0.006601,0.064610,0.316376,REACHABLE
-0.006925,0.067783,0.267724,REACHABLE
-0.009913,0.097029,0.228828,REACHABLE
-0.011718,0.114695,0.088011,REACHABLE
-0.009805,0.095971,0.043034,REACHABLE
-0.026546,0.259832,0.005889,REACHABLE
-0.022472,0.219960,0.014775,REACHABLE
-0.039438,0.386025,0.027546,REACHABLE
-0.035549,0.347962,0.012667,REACHABLE
-0.051359,0.502708,0.025706,REACHABLE
-0.051521,0.504295,0.074436,REACHABLE
-0.048935,0.478982,0.116027,REACHABLE
-0.046542,0.455557,0.082399,REACHABLE
-0.051398,0.503095,0.072713,REACHABLE
-0.055997,0.548106,0.090879,REACHABLE
-0.058824,0.575782,0.130919,REACHABLE
-0.058950,0.577017,0.179660,REACHABLE
-0.056334,0.551403,0.221064,REACHABLE
-0.051835,0.507370,0.241509,REACHABLE
-0.051744,0.506479,0.200466,REACHABLE
-0.056329,0.551358,0.218961,REACHABLE
-0.059127,0.578743,0.259202,REACHABLE
-0.059217,0.579625,0.307951,REACHABLE
-0.056570,0.553713,0.349167,REACHABLE
-0.052056,0.509532,0.369289,REACHABLE
-0.047161,0.461620,0.361697,REACHABLE
-0.049403,0.483563,0.327073,REACHABLE
-0.052171,0.510657,0.367514,REACHABLE
-0.052225,0.511186,0.416268,REACHABLE
-0.049547,0.484976,0.457293,REACHABLE
-0.045019,0.440651,0.477092,REACHABLE
-0.040130,0.392795,0.469150,REACHABLE
-0.036488,0.357153,0.436080,REACHABLE
-0.040307,0.394535,0.419546,REACHABLE
-0.040325,0.394711,0.468302,REACHABLE
-0.037617,0.368205,0.509135,REACHABLE
-0.033074,0.323738,0.528609,REACHABLE
-0.028191,0.275941,0.520317,REACHABLE
-0.024574,0.240539,0.486988,REACHABLE
-0.023414,0.229182,0.439586,REACHABLE
-0.027523,0.269401,0.446715,REACHABLE
-0.024785,0.242601,0.487353,REACHABLE
-0.020228,0.197994,0.506501,REACHABLE
-0.015351,0.150258,0.497860,REACHABLE
-0.011759,0.115098,0.464273,REACHABLE
-0.010634,0.104084,0.416790,REACHABLE
-0.012345,0.120839,0.371035,REACHABLE
-0.015359,0.150340,0.399423,REACHABLE
-0.010788,0.105596,0.418245,REACHABLE
-0.005918,0.057924,0.409255,REACHABLE
-0.002351,0.023008,0.375412,REACHABLE
-0.001260,0.012338,0.327850,REACHABLE
-0.003006,0.029424,0.282218,REACHABLE
-0.007013,0.068643,0.253531,REACHABLE
-0.012895,0.126214,0.123933,REACHABLE
-0.012391,0.121284,0.075429,REACHABLE
-0.014679,0.143681,0.032181,REACHABLE
-0.019006,0.186035,0.008420,REACHABLE
-0.023948,0.234411,0.011962,REACHABLE
-0.027880,0.272892,0.041643,REACHABLE
-0.029507,0.288816,0.087697,REACHABLE
-0.025346,0.248096,0.084565,REACHABLE
-0.027667,0.270805,0.041483,REACHABLE
-0.032011,0.313329,0.018031,REACHABLE
-0.036951,0.361678,0.021927,REACHABLE
-0.040860,0.399944,0.051889,REACHABLE
-0.042453,0.415535,0.098058,REACHABLE
-0.041205,0.403322,0.145244,REACHABLE
-0.037923,0.371195,0.119899,REACHABLE
-0.042285,0.413888,0.096759,REACHABLE
-0.047221,0.462208,0.101009,REACHABLE
-0.051108,0.500255,0.131249,REACHABLE
-0.052667,0.515512,0.177531,REACHABLE
-0.051384,0.502958,0.224626,REACHABLE
-0.047682,0.466724,0.257039,REACHABLE
-0.046384,0.454019,0.218024,REACHABLE
-0.051318,0.502307,0.222626,REACHABLE
-0.055182,0.540134,0.253144,REACHABLE
-0.056707,0.555056,0.299536,REACHABLE
-0.055389,0.542162,0.346539,REACHABLE
-0.051664,0.505694,0.378686,REACHABLE
-0.046756,0.457652,0.385401,REACHABLE
-0.047879,0.468652,0.345866,REACHABLE
-0.051721,0.506258,0.376660,REACHABLE
-0.053212,0.520843,0.423160,REACHABLE
-0.051859,0.507610,0.470066,REACHABLE
-0.048110,0.470911,0.501946,REACHABLE
-0.043197,0.422822,0.508310,REACHABLE
-0.038737,0.379165,0.487064,REACHABLE
-0.041904,0.410162,0.460335,REACHABLE
-0.043360,0.424410,0.506940,REACHABLE
-0.041973,0.410837,0.553749,REACHABLE
-0.038200,0.373909,0.585360,REACHABLE
-0.033283,0.325775,0.591372,REACHABLE
-0.028838,0.282273,0.569808,REACHABLE
-0.026329,0.257716,0.527762,REACHABLE
-0.030472,0.298262,0.522848,REACHABLE
-0.029050,0.284351,0.569556,REACHABLE
-0.025254,0.247195,0.600896,REACHABLE
-0.020333,0.199019,0.606556,REACHABLE
-0.015904,0.155674,0.584674,REACHABLE
-0.013427,0.131422,0.542450,REACHABLE
-0.013715,0.134242,0.493776,REACHABLE
-0.017436,0.170671,0.512333,REACHABLE
-0.013617,0.133289,0.543401,REACHABLE
-0.008691,0.085073,0.548709,REACHABLE
-0.004279,0.041888,0.526511,REACHABLE
-0.001833,0.017942,0.484110,REACHABLE
-0.002157,0.021114,0.435458,REACHABLE
-0.005145,0.050361,0.396562,REACHABLE
-0.007192,0.070394,0.432336,REACHABLE
-0.002262,0.022141,0.437292,REACHABLE
0.002133,-0.020883,0.414778,REACHABLE
0.004548,-0.044521,0.372204,REACHABLE
0.004188,-0.040997,0.323576,REACHABLE
0.001172,-0.011469,0.284895,REACHABLE
-0.003509,0.034346,0.268887,REACHABLE
-0.012961,0.126863,0.161669,REACHABLE
-0.013910,0.136153,0.113815,REACHABLE
-0.017375,0.170074,0.078965,REACHABLE
-0.022217,0.217466,0.068585,REACHABLE
-0.026842,0.262736,0.086091,REACHABLE
-0.029729,0.290989,0.125722,REACHABLE
-0.029927,0.292928,0.174440,REACHABLE
-0.026038,0.254865,0.159561,REACHABLE
-0.029529,0.289038,0.124960,REACHABLE
-0.034379,0.336504,0.114927,REACHABLE
-0.038990,0.381646,0.132763,REACHABLE
-0.041848,0.409611,0.172600,REACHABLE
-0.042010,0.411198,0.221331,REACHABLE
-0.039424,0.385885,0.262921,REACHABLE
-0.037030,0.362460,0.229293,REACHABLE
-0.041887,0.409997,0.219607,REACHABLE
-0.046486,0.455009,0.237773,REACHABLE
-0.049313,0.482685,0.277813,REACHABLE
-0.049439,0.483920,0.326554,REACHABLE
-0.046822,0.458306,0.367958,REACHABLE
-0.042324,0.414272,0.388403,REACHABLE
-0.042233,0.413381,0.347360,REACHABLE
-0.046818,0.458260,0.365855,REACHABLE
-0.049616,0.485646,0.406096,REACHABLE
-0.049706,0.486528,0.454845,REACHABLE
-0.047058,0.460616,0.496061,REACHABLE
-0.042545,0.416435,0.516183,REACHABLE
-0.037650,0.368523,0.508591,REACHABLE
-0.039892,0.390466,0.473967,REACHABLE
-0.042660,0.417560,0.514408,REACHABLE
-0.042714,0.418089,0.563162,REACHABLE
-0.040036,0.391879,0.604187,REACHABLE
-0.035508,0.347554,0.623986,REACHABLE
-0.030618,0.299698,0.616044,REACHABLE
-0.026977,0.264056,0.582974,REACHABLE
-0.030796,0.301437,0.566440,REACHABLE
-0.030814,0.301614,0.615196,REACHABLE
-0.028106,0.275108,0.656029,REACHABLE
-0.023563,0.230641,0.675503,REACHABLE
-0.018680,0.182843,0.667211,REACHABLE
-0.015063,0.147442,0.633882,REACHABLE
-0.013903,0.136084,0.586481,REACHABLE
-0.018012,0.176304,0.593609,REACHABLE
-0.015274,0.149503,0.634247,REACHABLE
-0.010717,0.104896,0.653396,REACHABLE
-0.005840,0.057160,0.644755,REACHABLE
-0.002248,0.022001,0.611167,REACHABLE
-0.001122,0.010987,0.563684,REACHABLE
-0.002834,0.027742,0.517929,REACHABLE
-0.005848,0.057243,0.546317,REACHABLE
-0.001277,0.012499,0.565139,REACHABLE
0.003593,-0.035174,0.556150,REACHABLE
0.007161,-0.070089,0.522306,REACHABLE
0.008251,-0.080759,0.474744,REACHABLE
0.006505,-0.063674,0.429112,REACHABLE
0.002498,-0.024454,0.400425,REACHABLE
0.001595,-0.015615,0.440504,REACHABLE
0.006459,-0.063221,0.431166,REACHABLE
0.010001,-0.097890,0.397068,REACHABLE
0.011056,-0.108216,0.349430,REACHABLE
0.009277,-0.090801,0.303924,REACHABLE
0.005249,-0.051375,0.275525,REACHABLE
0.000297,-0.002909,0.273575,REACHABLE
-0.011911,0.116587,0.197969,REACHABLE
-0.014231,0.139296,0.154886,REACHABLE
-0.018576,0.181821,0.131435,REACHABLE
-0.023515,0.230170,0.135331,REACHABLE
-0.027424,0.268435,0.165293,REACHABLE
-0.029017,0.284026,0.211462,REACHABLE
-0.027770,0.271813,0.258647,REACHABLE
-0.024487,0.239686,0.233303,REACHABLE
-0.028849,0.282379,0.210163,REACHABLE
-0.033786,0.330699,0.214412,REACHABLE
-0.037673,0.368746,0.244653,REACHABLE
-0.039231,0.384003,0.290934,REACHABLE
-0.037949,0.371449,0.338030,REACHABLE
-0.034247,0.335215,0.370443,REACHABLE
-0.032949,0.322510,0.331427,REACHABLE
-0.037882,0.370798,0.336030,REACHABLE
-0.041747,0.408625,0.366548,REACHABLE
-0.043271,0.423547,0.412940,REACHABLE
-0.041954,0.410653,0.459942,REACHABLE
-0.038228,0.374185,0.492090,REACHABLE
-0.033320,0.326144,0.498805,REACHABLE
-0.034444,0.337143,0.459270,REACHABLE
-0.038286,0.374749,0.490063,REACHABLE
-0.039776,0.389335,0.536563,REACHABLE
-0.038424,0.376101,0.583470,REACHABLE
-0.034675,0.339402,0.615350,REACHABLE
-0.029762,0.291313,0.621714,REACHABLE
-0.025302,0.247656,0.600468,REACHABLE
-0.028468,0.278653,0.573738,REACHABLE
-0.029924,0.292901,0.620344,REACHABLE
-0.028537,0.279329,0.667153,REACHABLE
-0.024765,0.242400,0.698763,REACHABLE
-0.019847,0.194266,0.704776,REACHABLE
-0.015403,0.150764,0.683211,REACHABLE
-0.012894,0.126207,0.641165,REACHABLE
-0.017036,0.166753,0.636251,REACHABLE
-0.015615,0.152842,0.682959,REACHABLE
-0.011819,0.115686,0.714300,REACHABLE
-0.006897,0.067510,0.719960,REACHABLE
-0.002469,0.024165,0.698078,REACHABLE
0.000009,-0.000087,0.655853,REACHABLE
-0.000279,0.002733,0.607179,REACHABLE
-0.004001,0.039162,0.625737,REACHABLE
-0.000182,0.001780,0.656805,REACHABLE
0.004744,-0.046436,0.662113,REACHABLE
0.009156,-0.089621,0.639914,REACHABLE
0.011602,-0.113567,0.597514,REACHABLE
0.011278,-0.110395,0.548862,REACHABLE
0.008290,-0.081148,0.509966,REACHABLE
0.006244,-0.061115,0.545740,REACHABLE
0.011173,-0.109368,0.550695,REACHABLE
0.015569,-0.152391,0.528182,REACHABLE
0.017984,-0.176030,0.485608,REACHABLE
0.017624,-0.172506,0.436980,REACHABLE
0.014607,-0.142978,0.398299,REACHABLE
0.009927,-0.097163,0.382291,REACHABLE
0.010245,-0.100278,0.423224,REACHABLE
0.014624,-0.143138,0.400397,REACHABLE
0.017007,-0.166468,0.357650,REACHABLE
0.016611,-0.162592,0.309050,REACHABLE
0.013566,-0.132786,0.270586,REACHABLE
0.008874,-0.086856,0.254913,REACHABLE
0.004078,-0.039914,0.267190,REACHABLE
-0.009835,0.096270,0.229708,REACHABLE
-0.013327,0.130443,0.195107,REACHABLE
-0.018176,0.177909,0.185074,REACHABLE
-0.022788,0.223051,0.202910,REACHABLE
-0.025645,0.251016,0.242747,REACHABLE
-0.025807,0.252603,0.291477,REACHABLE
-0.023221,0.227290,0.333068,REACHABLE
-0.020828,0.203865,0.299440,REACHABLE
-0.025684,0.251402,0.289754,REACHABLE
-0.030283,0.296414,0.307920,REACHABLE
-0.033110,0.324090,0.347960,REACHABLE
-0.033236,0.325324,0.396701,REACHABLE
-0.030620,0.299711,0.438105,REACHABLE
-0.026121,0.255677,0.458550,REACHABLE
-0.026030,0.254786,0.417507,REACHABLE
-0.030615,0.299665,0.436001,REACHABLE
-0.033413,0.327051,0.476243,REACHABLE
-0.033503,0.327933,0.524992,REACHABLE
-0.030856,0.302021,0.566207,REACHABLE
-0.026342,0.257840,0.586330,REACHABLE
-0.021447,0.209928,0.578737,REACHABLE
-0.023689,0.231871,0.544114,REACHABLE
-0.026457,0.258965,0.584555,REACHABLE
-0.026511,0.259494,0.633309,REACHABLE
-0.023833,0.233284,0.674334,REACHABLE
-0.019305,0.188959,0.694133,REACHABLE
-0.014416,0.141103,0.686190,REACHABLE
-0.010774,0.105461,0.653121,REACHABLE
-0.014593,0.142842,0.636587,REACHABLE
-0.014611,0.143019,0.685343,REACHABLE
-0.011903,0.116513,0.726176,REACHABLE
-0.007360,0.072046,0.745650,REACHABLE
-0.002477,0.024248,0.737358,REACHABLE
0.001139,-0.011153,0.704028,REACHABLE
0.002300,-0.022511,0.656627,REACHABLE
-0.001809,0.017709,0.663756,REACHABLE
0.000929,-0.009092,0.704394,REACHABLE
0.005486,-0.053699,0.723542,REACHABLE
0.010363,-0.101435,0.714901,REACHABLE
0.013955,-0.136594,0.681314,REACHABLE
0.015080,-0.147608,0.633831,REACHABLE
0.013369,-0.130853,0.588076,REACHABLE
0.010355,-0.101352,0.616464,REACHABLE
0.014926,-0.146096,0.635286,REACHABLE
0.019796,-0.193769,0.626296,REACHABLE
0.023363,-0.228684,0.592453,REACHABLE
0.024453,-0.239354,0.544890,REACHABLE
0.022708,-0.222269,0.499259,REACHABLE
0.018701,-0.183049,0.470572,REACHABLE
0.017798,-0.174210,0.510651,REACHABLE
0.022662,-0.221816,0.501313,REACHABLE
0.026204,-0.256485,0.467215,REACHABLE
0.027259,-0.266811,0.419576,REACHABLE
0.025479,-0.249396,0.374071,REACHABLE
0.021451,-0.209970,0.345671,REACHABLE
0.016500,-0.161504,0.343722,REACHABLE
0.018012,-0.176306,0.381983,REACHABLE
0.021529,-0.210728,0.347632,REACHABLE
0.022549,-0.220709,0.299919,REACHABLE
0.020736,-0.202965,0.254542,REACHABLE
0.016687,-0.163335,0.226432,REACHABLE
0.011734,-0.114857,0.224836,REACHABLE
0.007507,-0.073482,0.250281,REACHABLE
-0.006913,0.067663,0.254151,REACHABLE
-0.011274,0.110356,0.231012,REACHABLE
-0.016211,0.158676,0.235261,REACHABLE
-0.020098,0.196723,0.265502,REACHABLE
-0.021657,0.211980,0.311783,REACHABLE
-0.020374,0.199426,0.358879,REACHABLE
-0.016672,0.163192,0.391292,REACHABLE
-0.015374,0.150487,0.352276,REACHABLE
-0.020308,0.198775,0.356879,REACHABLE
-0.024172,0.236602,0.387397,REACHABLE
-0.025697,0.251524,0.433789,REACHABLE
-0.024379,0.238630,0.480791,REACHABLE
-0.020654,0.202162,0.512938,REACHABLE
-0.015746,0.154120,0.519654,REACHABLE
-0.016869,0.165120,0.480118,REACHABLE
-0.020711,0.202726,0.510912,REACHABLE
-0.022201,0.217312,0.557412,REACHABLE
-0.020849,0.204078,0.604319,REACHABLE
-0.017100,0.167379,0.636199,REACHABLE
-0.012187,0.119290,0.642563,REACHABLE
-0.007727,0.075633,0.621317,REACHABLE
-0.010894,0.106630,0.594587,REACHABLE
-0.012349,0.120878,0.641193,REACHABLE
-0.010963,0.107306,0.688001,REACHABLE
-0.007190,0.070377,0.719612,REACHABLE
-0.002272,0.022243,0.725625,REACHABLE
0.002172,-0.021259,0.704060,REACHABLE
0.004681,-0.045816,0.662014,REACHABLE
0.000538,-0.005270,0.657100,REACHABLE
0.001960,-0.019181,0.703808,REACHABLE
0.005756,-0.056337,0.735148,REACHABLE
0.010677,-0.104513,0.740809,REACHABLE
0.015106,-0.147858,0.718927,REACHABLE
0.017583,-0.172110,0.676702,REACHABLE
0.017295,-0.169290,0.628028,REACHABLE
0.013574,-0.132861,0.646586,REACHABLE
0.017393,-0.170243,0.677654,REACHABLE
0.022319,-0.218459,0.682962,REACHABLE
0.026731,-0.261644,0.660763,REACHABLE
0.029177,-0.285590,0.618363,REACHABLE
0.028853,-0.282418,0.569711,REACHABLE
0.025865,-0.253171,0.530815,REACHABLE
0.023818,-0.233138,0.566589,REACHABLE
0.028748,-0.281391,0.571544,REACHABLE
0.033144,-0.324415,0.549031,REACHABLE
0.035559,-0.348053,0.506456,REACHABLE
0.035198,-0.344529,0.457829,REACHABLE
0.032182,-0.315001,0.419148,REACHABLE
0.027501,-0.269186,0.403140,REACHABLE
0.027819,-0.272301,0.444073,REACHABLE
0.032198,-0.315161,0.421246,REACHABLE
0.034582,-0.338491,0.378499,REACHABLE
0.034186,-0.334615,0.329899,REACHABLE
0.031141,-0.304809,0.291434,REACHABLE
0.026448,-0.258879,0.275762,REACHABLE
0.021652,-0.211937,0.288038,REACHABLE
0.024228,-0.237151,0.320333,REACHABLE
0.026580,-0.260171,0.277417,REACHABLE
0.026148,-0.255944,0.228846,REACHABLE
0.023075,-0.225860,0.190601,REACHABLE
0.018371,-0.179817,0.175265,REACHABLE
0.013584,-0.132966,0.187884,REACHABLE
0.010290,-0.100721,0.224306,REACHABLE
-0.012293,0.026363,0.019724,REACHABLE
0.007447,-0.015969,0.005741,REACHABLE
-0.227247,0.487332,0.013276,REACHABLE
-0.211755,0.454110,0.045423,REACHABLE
-0.191346,0.410342,0.052139,REACHABLE
-0.196019,0.420364,0.012603,REACHABLE
-0.211994,0.454623,0.043397,REACHABLE
-0.218191,0.467911,0.089897,REACHABLE
-0.212569,0.455855,0.136803,REACHABLE
-0.196978,0.422421,0.168683,REACHABLE
-0.176549,0.378611,0.175047,REACHABLE
-0.158003,0.338838,0.153802,REACHABLE
-0.171171,0.367077,0.127072,REACHABLE
-0.177224,0.380058,0.173677,REACHABLE
-0.171458,0.367693,0.220486,REACHABLE
-0.155770,0.334050,0.252097,REACHABLE
-0.135322,0.290199,0.258109,REACHABLE
-0.116841,0.250567,0.236545,REACHABLE
-0.106409,0.228195,0.194499,REACHABLE
-0.123634,0.265134,0.189585,REACHABLE
-0.117724,0.252461,0.236293,REACHABLE
-0.101940,0.218610,0.267633,REACHABLE
-0.081474,0.174721,0.273293,REACHABLE
-0.063060,0.135232,0.251412,REACHABLE
-0.052757,0.113138,0.209187,REACHABLE
-0.053955,0.115708,0.160513,REACHABLE
-0.027132,0.058186,0.033563,REACHABLE
-0.009958,0.021355,0.006622,REACHABLE
-0.243521,0.522233,0.005531,REACHABLE
-0.232640,0.498899,0.046935,REACHABLE
-0.213934,0.458783,0.067379,REACHABLE
-0.213556,0.457971,0.026337,REACHABLE
-0.232621,0.498857,0.044831,REACHABLE
-0.244255,0.523806,0.085073,REACHABLE
-0.244630,0.524610,0.133821,REACHABLE
-0.233622,0.501003,0.175037,REACHABLE
-0.214853,0.460753,0.195159,REACHABLE
-0.194499,0.417104,0.187567,REACHABLE
-0.203821,0.437095,0.152944,REACHABLE
-0.215331,0.461778,0.193385,REACHABLE
-0.215555,0.462260,0.242138,REACHABLE
-0.204421,0.438382,0.283164,REACHABLE
-0.185591,0.398001,0.302962,REACHABLE
-0.165261,0.354403,0.295020,REACHABLE
-0.150120,0.321932,0.261950,REACHABLE
-0.166000,0.355988,0.245417,REACHABLE
-0.166075,0.356148,0.294173,REACHABLE
-0.154814,0.332001,0.335005,REACHABLE
-0.135924,0.291490,0.354480,REACHABLE
-0.115619,0.247945,0.346188,REACHABLE
-0.100580,0.215694,0.312858,REACHABLE
-0.095755,0.205347,0.265457,REACHABLE
-0.112841,0.241988,0.272586,REACHABLE
-0.101455,0.217572,0.313224,REACHABLE
-0.082506,0.176934,0.332372,REACHABLE
-0.062226,0.133445,0.323731,REACHABLE
-0.047290,0.101414,0.290144,REACHABLE
-0.042611,0.091380,0.242661,REACHABLE
-0.049729,0.106644,0.196905,REACHABLE
-0.039635,0.084998,0.056998,REACHABLE
-0.026506,0.056841,0.019421,REACHABLE
-0.238824,0.512160,0.009797,REACHABLE
-0.233491,0.500723,0.056892,REACHABLE
-0.218098,0.467713,0.089305,REACHABLE
-0.212701,0.456139,0.050290,REACHABLE
-0.233214,0.500130,0.054892,REACHABLE
-0.249284,0.534592,0.085410,REACHABLE
-0.255623,0.548186,0.131802,REACHABLE
-0.250146,0.536439,0.178804,REACHABLE
-0.234654,0.503216,0.210952,REACHABLE
-0.214245,0.459449,0.217667,REACHABLE
-0.218917,0.469470,0.178132,REACHABLE
-0.234893,0.503730,0.208925,REACHABLE
-0.241089,0.517018,0.255425,REACHABLE
-0.235467,0.504961,0.302332,REACHABLE
-0.219877,0.471528,0.334212,REACHABLE
-0.199448,0.427717,0.340576,REACHABLE
-0.180902,0.387945,0.319330,REACHABLE
-0.194070,0.416184,0.292601,REACHABLE
-0.200123,0.429164,0.339206,REACHABLE
-0.194357,0.416799,0.386015,REACHABLE
-0.178669,0.383156,0.417626,REACHABLE
-0.158221,0.339305,0.423638,REACHABLE
-0.139740,0.299674,0.402073,REACHABLE
-0.129308,0.277302,0.360027,REACHABLE
-0.146533,0.314240,0.355113,REACHABLE
-0.140623,0.301567,0.401822,REACHABLE
-0.124838,0.267717,0.433162,REACHABLE
-0.104372,0.223827,0.438822,REACHABLE
-0.085959,0.184339,0.416940,REACHABLE
-0.075656,0.162245,0.374716,REACHABLE
-0.076854,0.164814,0.326042,REACHABLE
-0.092330,0.198002,0.344599,REACHABLE
-0.076449,0.163946,0.375667,REACHABLE
-0.055966,0.120020,0.380975,REACHABLE
-0.037620,0.080677,0.358777,REACHABLE
-0.027448,0.058862,0.316376,REACHABLE
-0.028795,0.061752,0.267724,REACHABLE
-0.041220,0.088396,0.228828,REACHABLE
-0.048725,0.104490,0.088011,REACHABLE
-0.040770,0.087432,0.043034,REACHABLE
-0.110381,0.236714,0.005889,REACHABLE
-0.093443,0.200389,0.014775,REACHABLE
-0.163991,0.351679,0.027546,REACHABLE
-0.147821,0.317003,0.012667,REACHABLE
-0.213560,0.457980,0.025706,REACHABLE
-0.214234,0.459426,0.074436,REACHABLE
-0.203480,0.436365,0.116027,REACHABLE
-0.193529,0.415024,0.082399,REACHABLE
-0.213724,0.458332,0.072713,REACHABLE
-0.232845,0.499339,0.090879,REACHABLE
-0.244603,0.524552,0.130919,REACHABLE
-0.245127,0.525677,0.179660,REACHABLE
-0.234246,0.502342,0.221064,REACHABLE
-0.215540,0.462226,0.241509,REACHABLE
-0.215161,0.461415,0.200466,REACHABLE
-0.234227,0.502301,0.218961,REACHABLE
-0.245861,0.527250,0.259202,REACHABLE
-0.246235,0.528053,0.307951,REACHABLE
-0.235227,0.504446,0.349167,REACHABLE
-0.216459,0.464197,0.369289,REACHABLE
-0.196104,0.420547,0.361697,REACHABLE
-0.205426,0.440538,0.327073,REACHABLE
-0.216936,0.465221,0.367514,REACHABLE
-0.217161,0.465703,0.416268,REACHABLE
-0.206027,0.441826,0.457293,REACHABLE
-0.187197,0.401444,0.477092,REACHABLE
-0.166866,0.357846,0.469150,REACHABLE
-0.151725,0.325376,0.436080,REACHABLE
-0.167605,0.359431,0.419546,REACHABLE
-0.167680,0.359592,0.468302,REACHABLE
-0.156420,0.335444,0.509135,REACHABLE
-0.137530,0.294934,0.528609,REACHABLE
-0.117225,0.251389,0.520317,REACHABLE
-0.102185,0.219137,0.486988,REACHABLE
-0.097361,0.208790,0.439586,REACHABLE
-0.114446,0.245431,0.446715,REACHABLE
-0.103061,0.221015,0.487353,REACHABLE
-0.084111,0.180377,0.506501,REACHABLE
-0.063832,0.136888,0.497860,REACHABLE
-0.048896,0.104857,0.464273,REACHABLE
-0.044217,0.094823,0.416790,REACHABLE
-0.051335,0.110087,0.371035,REACHABLE
-0.063867,0.136964,0.399423,REACHABLE
-0.044859,0.096201,0.418245,REACHABLE
-0.024607,0.052770,0.409255,REACHABLE
-0.009774,0.020961,0.375412,REACHABLE
-0.005241,0.011240,0.327850,REACHABLE
-0.012500,0.026806,0.282218,REACHABLE
-0.029161,0.062536,0.253531,REACHABLE
-0.053618,0.114984,0.123933,REACHABLE
-0.051524,0.110493,0.075429,REACHABLE
-0.061038,0.130897,0.032181,REACHABLE
-0.079031,0.169483,0.008420,REACHABLE
-0.099582,0.213554,0.011962,REACHABLE
-0.115929,0.248611,0.041643,REACHABLE
-0.122694,0.263119,0.087697,REACHABLE
-0.105396,0.226021,0.084565,REACHABLE
-0.115043,0.246710,0.041483,REACHABLE
-0.133108,0.285451,0.018031,REACHABLE
-0.153648,0.329498,0.021927,REACHABLE
-0.169903,0.364359,0.051889,REACHABLE
-0.176527,0.378563,0.098058,REACHABLE
-0.171338,0.367436,0.145244,REACHABLE
-0.157690,0.338168,0.119899,REACHABLE
-0.175827,0.377062,0.096759,REACHABLE
-0.196354,0.421083,0.101009,REACHABLE
-0.212517,0.455745,0.131249,REACHABLE
-0.218999,0.469644,0.177531,REACHABLE
-0.213666,0.458207,0.224626,REACHABLE
-0.198273,0.425197,0.257039,REACHABLE
-0.192876,0.413623,0.218024,REACHABLE
-0.213389,0.457614,0.222626,REACHABLE
-0.229459,0.492076,0.253144,REACHABLE
-0.235798,0.505670,0.299536,REACHABLE
-0.230320,0.493923,0.346539,REACHABLE
-0.214828,0.460700,0.378686,REACHABLE
-0.194419,0.416933,0.385401,REACHABLE
-0.199092,0.426954,0.345866,REACHABLE
-0.215068,0.461214,0.376660,REACHABLE
-0.221264,0.474502,0.423160,REACHABLE
-0.215642,0.462445,0.470066,REACHABLE
-0.200051,0.429012,0.501946,REACHABLE
-0.179622,0.385201,0.508310,REACHABLE
-0.161076,0.345429,0.487064,REACHABLE
-0.174244,0.373668,0.460335,REACHABLE
-0.180297,0.386649,0.506940,REACHABLE
-0.174531,0.374283,0.553749,REACHABLE
-0.158843,0.340640,0.585360,REACHABLE
-0.138395,0.296789,0.591372,REACHABLE
-0.119915,0.257158,0.569808,REACHABLE
-0.109482,0.234786,0.527762,REACHABLE
-0.126707,0.271725,0.522848,REACHABLE
-0.120798,0.259051,0.569556,REACHABLE
-0.105013,0.225201,0.600896,REACHABLE
-0.084547,0.181311,0.606556,REACHABLE
-0.066133,0.141823,0.584674,REACHABLE
-0.055830,0.119729,0.542450,REACHABLE
-0.057029,0.122298,0.493776,REACHABLE
-0.072504,0.155486,0.512333,REACHABLE
-0.056624,0.121430,0.543401,REACHABLE
-0.036141,0.077504,0.548709,REACHABLE
-0.017795,0.038161,0.526511,REACHABLE
-0.007622,0.016346,0.484110,REACHABLE
-0.008970,0.019236,0.435458,REACHABLE
-0.021394,0.045880,0.396562,REACHABLE
-0.029905,0.064131,0.432336,REACHABLE
-0.009406,0.020171,0.437292,REACHABLE
0.008871,-0.019025,0.414778,REACHABLE
0.018913,-0.040560,0.372204,REACHABLE
0.017416,-0.037349,0.323576,REACHABLE
0.004872,-0.010449,0.284895,REACHABLE
-0.014591,0.031290,0.268887,REACHABLE
-0.053894,0.115575,0.161669,REACHABLE
-0.057840,0.124039,0.113815,REACHABLE
-0.072251,0.154942,0.078965,REACHABLE
-0.092384,0.198117,0.068585,REACHABLE
-0.111615,0.239359,0.086091,REACHABLE
-0.123617,0.265098,0.125722,REACHABLE
-0.124441,0.266865,0.174440,REACHABLE
-0.108271,0.232189,0.159561,REACHABLE
-0.122788,0.263321,0.124960,REACHABLE
-0.142953,0.306563,0.114927,REACHABLE
-0.162130,0.347689,0.132763,REACHABLE
-0.174010,0.373166,0.172600,REACHABLE
-0.174684,0.374612,0.221331,REACHABLE
-0.163931,0.351551,0.262921,REACHABLE
-0.153979,0.330210,0.229293,REACHABLE
-0.174174,0.373518,0.219607,REACHABLE
-0.193296,0.414525,0.237773,REACHABLE
-0.205053,0.439738,0.277813,REACHABLE
-0.205578,0.440863,0.326554,REACHABLE
-0.194697,0.417528,0.367958,REACHABLE
-0.175990,0.377412,0.388403,REACHABLE
-0.175612,0.376601,0.347360,REACHABLE
-0.194677,0.417487,0.365855,REACHABLE
-0.206311,0.442436,0.406096,REACHABLE
-0.206686,0.443239,0.454845,REACHABLE
-0.195678,0.419632,0.496061,REACHABLE
-0.176909,0.379383,0.516183,REACHABLE
-0.156555,0.335733,0.508591,REACHABLE
-0.165877,0.355724,0.473967,REACHABLE
-0.177387,0.380407,0.514408,REACHABLE
-0.177612,0.380889,0.563162,REACHABLE
-0.166477,0.357012,0.604187,REACHABLE
-0.147647,0.316630,0.623986,REACHABLE
-0.127317,0.273032,0.616044,REACHABLE
-0.112176,0.240562,0.582974,REACHABLE
-0.128056,0.274617,0.566440,REACHABLE
-0.128131,0.274778,0.615196,REACHABLE
-0.116871,0.250630,0.656029,REACHABLE
-0.097980,0.210120,0.675503,REACHABLE
-0.077675,0.166575,0.667211,REACHABLE
-0.062636,0.134323,0.633882,REACHABLE
-0.057811,0.123976,0.586481,REACHABLE
-0.074897,0.160617,0.593609,REACHABLE
-0.063512,0.136201,0.634247,REACHABLE
-0.044562,0.095563,0.653396,REACHABLE
-0.024283,0.052074,0.644755,REACHABLE
-0.009346,0.020043,0.611167,REACHABLE
-0.004667,0.010009,0.563684,REACHABLE
-0.011785,0.025273,0.517929,REACHABLE
-0.024318,0.052150,0.546317,REACHABLE
-0.005310,0.011387,0.565139,REACHABLE
0.014942,-0.032044,0.556150,REACHABLE
0.029775,-0.063853,0.522306,REACHABLE
0.034308,-0.073574,0.474744,REACHABLE
0.027050,-0.058008,0.429112,REACHABLE
0.010388,-0.022278,0.400425,REACHABLE
0.006633,-0.014225,0.440504,REACHABLE
0.026857,-0.057596,0.431166,REACHABLE
0.041586,-0.089181,0.397068,REACHABLE
0.045972,-0.098588,0.349430,REACHABLE
0.038574,-0.082722,0.303924,REACHABLE
0.021825,-0.046804,0.275525,REACHABLE
0.001236,-0.002651,0.273575,REACHABLE
-0.049528,0.106213,0.197969,REACHABLE
-0.059175,0.126902,0.154886,REACHABLE
-0.077241,0.165643,0.131435,REACHABLE
-0.097780,0.209690,0.135331,REACHABLE
-0.114036,0.244551,0.165293,REACHABLE
-0.120659,0.258755,0.211462,REACHABLE
-0.115471,0.247629,0.258647,REACHABLE
-0.101823,0.218360,0.233303,REACHABLE
-0.119960,0.257255,0.210163,REACHABLE
-0.140487,0.301275,0.214412,REACHABLE
-0.156650,0.335937,0.244653,REACHABLE
-0.163131,0.349836,0.290934,REACHABLE
-0.157798,0.338399,0.338030,REACHABLE
-0.142405,0.305389,0.370443,REACHABLE
-0.137008,0.293815,0.331427,REACHABLE
-0.157522,0.337806,0.336030,REACHABLE
-0.173591,0.372268,0.366548,REACHABLE
-0.179930,0.385862,0.412940,REACHABLE
-0.174453,0.374115,0.459942,REACHABLE
-0.158961,0.340892,0.492090,REACHABLE
-0.138552,0.297125,0.498805,REACHABLE
-0.143225,0.307146,0.459270,REACHABLE
-0.159200,0.341406,0.490063,REACHABLE
-0.165396,0.354694,0.536563,REACHABLE
-0.159774,0.342637,0.583470,REACHABLE
-0.144184,0.309204,0.615350,REACHABLE
-0.123755,0.265393,0.621714,REACHABLE
-0.105209,0.225621,0.600468,REACHABLE
-0.118377,0.253860,0.573738,REACHABLE
-0.124430,0.266841,0.620344,REACHABLE
-0.118664,0.254475,0.667153,REACHABLE
-0.102976,0.220833,0.698763,REACHABLE
-0.082528,0.176981,0.704776,REACHABLE
-0.064047,0.137350,0.683211,REACHABLE
-0.053615,0.114978,0.641165,REACHABLE
-0.070840,0.151917,0.636251,REACHABLE
-0.064930,0.139243,0.682959,REACHABLE
-0.049146,0.105393,0.714300,REACHABLE
-0.028679,0.061503,0.719960,REACHABLE
-0.010266,0.022015,0.698078,REACHABLE
0.000037,-0.000079,0.655853,REACHABLE
-0.001161,0.002490,0.607179,REACHABLE
-0.016637,0.035678,0.625737,REACHABLE
-0.000756,0.001622,0.656805,REACHABLE
0.019727,-0.042304,0.662113,REACHABLE
0.038073,-0.081647,0.639914,REACHABLE
0.048245,-0.103462,0.597514,REACHABLE
0.046898,-0.100572,0.548862,REACHABLE
0.034473,-0.073928,0.509966,REACHABLE
0.025963,-0.055677,0.545740,REACHABLE
0.046461,-0.099637,0.550695,REACHABLE
0.064739,-0.138832,0.528182,REACHABLE
0.074781,-0.160368,0.485608,REACHABLE
0.073284,-0.157157,0.436980,REACHABLE
0.060740,-0.130257,0.398299,REACHABLE
0.041277,-0.088518,0.382291,REACHABLE
0.042600,-0.091356,0.423224,REACHABLE
0.060808,-0.130402,0.400397,REACHABLE
0.070719,-0.151657,0.357650,REACHABLE
0.069072,-0.148125,0.309050,REACHABLE
0.056410,-0.120971,0.270586,REACHABLE
0.036898,-0.079128,0.254913,REACHABLE
0.016956,-0.036363,0.267190,REACHABLE
-0.040897,0.087705,0.229708,REACHABLE
-0.055414,0.118837,0.195107,REACHABLE
-0.075579,0.162079,0.185074,REACHABLE
-0.094756,0.203205,0.202910,REACHABLE
-0.106636,0.228682,0.242747,REACHABLE
-0.107310,0.230128,0.291477,REACHABLE
-0.096557,0.207067,0.333068,REACHABLE
-0.086605,0.185726,0.299440,REACHABLE
-0.106800,0.229034,0.289754,REACHABLE
-0.125922,0.270041,0.307920,REACHABLE
-0.137679,0.295254,0.347960,REACHABLE
-0.138204,0.296379,0.396701,REACHABLE
-0.127323,0.273044,0.438105,REACHABLE
-0.108616,0.232928,0.458550,REACHABLE
-0.108238,0.232117,0.417507,REACHABLE
-0.127303,0.273003,0.436001,REACHABLE
-0.138937,0.297952,0.476243,REACHABLE
-0.139312,0.298755,0.524992,REACHABLE
-0.128304,0.275148,0.566207,REACHABLE
-0.109535,0.234899,0.586330,REACHABLE
-0.089181,0.191249,0.578737,REACHABLE
-0.098503,0.211240,0.544114,REACHABLE
-0.110013,0.235923,0.584555,REACHABLE
-0.110238,0.236405,0.633309,REACHABLE
-0.099103,0.212528,0.674334,REACHABLE
-0.080273,0.172146,0.694133,REACHABLE
-0.059943,0.128548,0.686190,REACHABLE
-0.044802,0.096078,0.653121,REACHABLE
-0.060682,0.130133,0.636587,REACHABLE
-0.060757,0.130294,0.685343,REACHABLE
-0.049497,0.106146,0.726176,REACHABLE
-0.030606,0.065635,0.745650,REACHABLE
-0.010301,0.022091,0.737358,REACHABLE
0.004738,-0.010161,0.704028,REACHABLE
0.009563,-0.020508,0.656627,REACHABLE
-0.007523,0.016133,0.663756,REACHABLE
0.003862,-0.008283,0.704394,REACHABLE
0.022812,-0.048921,0.723542,REACHABLE
0.043091,-0.092410,0.714901,REACHABLE
0.058028,-0.124441,0.681314,REACHABLE
0.062707,-0.134475,0.633831,REACHABLE
0.055589,-0.119211,0.588076,REACHABLE
0.043056,-0.092334,0.616464,REACHABLE
0.062064,-0.133097,0.635286,REACHABLE
0.082316,-0.176528,0.626296,REACHABLE
0.097149,-0.208337,0.592453,REACHABLE
0.101682,-0.218058,0.544890,REACHABLE
0.094424,-0.202493,0.499259,REACHABLE
0.077763,-0.166762,0.470572,REACHABLE
0.074007,-0.158709,0.510651,REACHABLE
0.094231,-0.202080,0.501313,REACHABLE
0.108960,-0.233665,0.467215,REACHABLE
0.113346,-0.243072,0.419576,REACHABLE
0.105948,-0.227206,0.374071,REACHABLE
0.089199,-0.191288,0.345671,REACHABLE
0.068610,-0.147135,0.343722,REACHABLE
0.074898,-0.160620,0.381983,REACHABLE
0.089521,-0.191979,0.347632,REACHABLE
0.093761,-0.201072,0.299919,REACHABLE
0.086223,-0.184907,0.254542,REACHABLE
0.069388,-0.148802,0.226432,REACHABLE
0.048793,-0.104637,0.224836,REACHABLE
0.031216,-0.066944,0.250281,REACHABLE
-0.028744,0.061642,0.254151,REACHABLE
-0.046881,0.100537,0.231012,REACHABLE
-0.067408,0.144557,0.235261,REACHABLE
-0.083571,0.179220,0.265502,REACHABLE
-0.090053,0.193119,0.311783,REACHABLE
-0.084720,0.181682,0.358879,REACHABLE
-0.069327,0.148672,0.391292,REACHABLE
-0.063930,0.137098,0.352276,REACHABLE
-0.084443,0.181089,0.356879,REACHABLE
-0.100513,0.215551,0.387397,REACHABLE
-0.106852,0.229144,0.433789,REACHABLE
-0.101374,0.217398,0.480791,REACHABLE
-0.085882,0.184175,0.512938,REACHABLE
-0.065473,0.140408,0.519654,REACHABLE
-0.070146,0.150429,0.480118,REACHABLE
-0.086122,0.184689,0.510912,REACHABLE
-0.092318,0.197976,0.557412,REACHABLE
-0.086696,0.185920,0.604319,REACHABLE
-0.071106,0.152486,0.636199,REACHABLE
-0.050676,0.108676,0.642563,REACHABLE
-0.032130,0.068903,0.621317,REACHABLE
-0.045298,0.097142,0.594587,REACHABLE
-0.051351,0.110123,0.641193,REACHABLE
-0.045585,0.097758,0.688001,REACHABLE
-0.029897,0.064115,0.719612,REACHABLE
-0.009449,0.020264,0.725625,REACHABLE
0.009031,-0.019367,0.704060,REACHABLE
0.019463,-0.041739,0.662014,REACHABLE
0.002239,-0.004801,0.657100,REACHABLE
0.008148,-0.017474,0.703808,REACHABLE
0.023933,-0.051324,0.735148,REACHABLE
0.044399,-0.095214,0.740809,REACHABLE
0.062813,-0.134702,0.718927,REACHABLE
0.073115,-0.156797,0.676702,REACHABLE
0.071917,-0.154227,0.628028,REACHABLE
0.056442,-0.121040,0.646586,REACHABLE
0.072322,-0.155096,0.677654,REACHABLE
0.092805,-0.199021,0.682962,REACHABLE
0.111151,-0.238364,0.660763,REACHABLE
0.121324,-0.260180,0.618363,REACHABLE
0.119976,-0.257290,0.569711,REACHABLE
0.107552,-0.230645,0.530815,REACHABLE
0.099041,-0.212395,0.566589,REACHABLE
0.119540,-0.256354,0.571544,REACHABLE
0.137817,-0.295550,0.549031,REACHABLE
0.147859,-0.317085,0.506456,REACHABLE
0.146362,-0.313874,0.457829,REACHABLE
0.133818,-0.286974,0.419148,REACHABLE
0.114355,-0.245235,0.403140,REACHABLE
0.115679,-0.248074,0.444073,REACHABLE
0.133886,-0.287120,0.421246,REACHABLE
0.143797,-0.308374,0.378499,REACHABLE
0.142151,-0.304843,0.329899,REACHABLE
0.129488,-0.277688,0.291434,REACHABLE
0.109976,-0.235845,0.275762,REACHABLE
0.090035,-0.193080,0.288038,REACHABLE
0.100746,-0.216050,0.320333,REACHABLE
0.110525,-0.237022,0.277417,REACHABLE
0.108729,-0.233171,0.228846,REACHABLE
0.095949,-0.205764,0.190601,REACHABLE
0.076390,-0.163818,0.175265,REACHABLE
0.056486,-0.121136,0.187884,REACHABLE
0.042788,-0.091759,0.224306,REACHABLE
